split,module,entity,element,array,change,storage old,storage new,kind old,kind new,drive old,drive new,handling old,handling new,occurrences added,facts added (type target @ occurrence),guards rewritten,also changed in scope clocked
tuning,neorv32_bus,neorv32_bus_reg,clk_i,ports,far end only (gains a driving record),,,,,,,,,,SEQUENCES device_req_o.addr @3; SEQUENCES device_req_o.amo @3; SEQUENCES device_req_o.amoop @3; SEQUENCES device_req_o.ben @3; SEQUENCES device_req_o.data @3; SEQUENCES device_req_o.debug @3; SEQUENCES device_req_o.priv @3; SEQUENCES device_req_o.rw @3; SEQUENCES device_req_o.src @3; SEQUENCES host_rsp_o.ack @5; SEQUENCES host_rsp_o.data @5; SEQUENCES host_rsp_o.err @5,0,yes
tuning,neorv32_bus,neorv32_bus_reg,rstn_i,ports,far end only (gains a driving record),,,,,,,,,,RESETS device_req_o.addr @3; RESETS device_req_o.amo @3; RESETS device_req_o.amoop @3; RESETS device_req_o.ben @3; RESETS device_req_o.data @3; RESETS device_req_o.debug @3; RESETS device_req_o.fence @3; RESETS device_req_o.lock @3; RESETS device_req_o.priv @3; RESETS device_req_o.rw @3; RESETS device_req_o.src @3; RESETS device_req_o.stb @3; RESETS host_rsp_o.ack @5; RESETS host_rsp_o.data @5; RESETS host_rsp_o.err @5,0,no
tuning,neorv32_bus,neorv32_bus_reg,host_req_i.addr,ports,read (whole-record value),,,,,,,FORWARDS,CONSUMES FORWARDS,2@222; 3@233,CARRIES device_req_o.addr @2; CARRIES device_req_o.addr @3,0,yes
tuning,neorv32_bus,neorv32_bus_reg,host_req_i.data,ports,read (whole-record value),,,,,,,FORWARDS,CONSUMES FORWARDS,2@222; 3@233,CARRIES device_req_o.data @2; CARRIES device_req_o.data @3,0,yes
tuning,neorv32_bus,neorv32_bus_reg,host_req_i.ben,ports,read (whole-record value),,,,,,,FORWARDS,CONSUMES FORWARDS,2@222; 3@233,CARRIES device_req_o.ben @2; CARRIES device_req_o.ben @3,0,yes
tuning,neorv32_bus,neorv32_bus_reg,host_req_i.stb,ports,read (whole-record value),,,,,,,,,4@222; 5@233,CARRIES device_req_o.stb @4; CARRIES device_req_o.stb @5; GATES device_req_o.addr @2; GATES device_req_o.amo @2; GATES device_req_o.amoop @2; GATES device_req_o.ben @2; GATES device_req_o.data @2; GATES device_req_o.debug @2; GATES device_req_o.fence @2; GATES device_req_o.lock @2; GATES device_req_o.priv @2; GATES device_req_o.rw @2; GATES device_req_o.src @2; GATES device_req_o.stb @2,0,yes
tuning,neorv32_bus,neorv32_bus_reg,host_req_i.rw,ports,read (whole-record value),,,,,,,FORWARDS,CONSUMES FORWARDS,2@222; 3@233,CARRIES device_req_o.rw @2; CARRIES device_req_o.rw @3,0,yes
tuning,neorv32_bus,neorv32_bus_reg,host_req_i.src,ports,read (whole-record value),,,,,,,FORWARDS,CONSUMES FORWARDS,2@222; 3@233,CARRIES device_req_o.src @2; CARRIES device_req_o.src @3,0,yes
tuning,neorv32_bus,neorv32_bus_reg,host_req_i.priv,ports,read (whole-record value),,,,,,,FORWARDS,CONSUMES FORWARDS,2@222; 3@233,CARRIES device_req_o.priv @2; CARRIES device_req_o.priv @3,0,yes
tuning,neorv32_bus,neorv32_bus_reg,host_req_i.debug,ports,read (whole-record value),,,,,,,FORWARDS,CONSUMES FORWARDS,2@222; 3@233,CARRIES device_req_o.debug @2; CARRIES device_req_o.debug @3,0,yes
tuning,neorv32_bus,neorv32_bus_reg,host_req_i.amo,ports,read (whole-record value),,,,,,,FORWARDS,CONSUMES FORWARDS,2@222; 3@233,CARRIES device_req_o.amo @2; CARRIES device_req_o.amo @3,0,yes
tuning,neorv32_bus,neorv32_bus_reg,host_req_i.amoop,ports,read (whole-record value),,,,,,,FORWARDS,CONSUMES FORWARDS,2@222; 3@233,CARRIES device_req_o.amoop @2; CARRIES device_req_o.amoop @3,0,yes
tuning,neorv32_bus,neorv32_bus_reg,host_req_i.lock,ports,read (whole-record value),,,,,,,,,3@222; 4@233,CARRIES device_req_o.lock @3; CARRIES device_req_o.lock @4,0,yes
tuning,neorv32_bus,neorv32_bus_reg,host_req_i.fence,ports,read (whole-record value),,,,,,,,,3@222; 4@233,CARRIES device_req_o.fence @3; CARRIES device_req_o.fence @4,0,yes
tuning,neorv32_bus,neorv32_bus_reg,host_rsp_o.ack,ports,assigned (whole-record target),not assigned,mixed,,,undriven,driven,,ORIGINATES FORWARDS,2@244; 3@246; 4@253,CLOCKED_BY clk_i @3; COPIES device_rsp_i.ack @3; COPIES device_rsp_i.ack @4; RESET_BY rstn_i @2,0,yes
tuning,neorv32_bus,neorv32_bus_reg,host_rsp_o.err,ports,assigned (whole-record target),not assigned,mixed,,,undriven,driven,,ORIGINATES FORWARDS,2@244; 3@246; 4@253,CLOCKED_BY clk_i @3; COPIES device_rsp_i.err @3; COPIES device_rsp_i.err @4; RESET_BY rstn_i @2,0,yes
tuning,neorv32_bus,neorv32_bus_reg,host_rsp_o.data,ports,assigned (whole-record target),not assigned,mixed,,,undriven,driven,,ORIGINATES FORWARDS,2@244; 3@246; 4@253,CLOCKED_BY clk_i @3; COPIES device_rsp_i.data @3; COPIES device_rsp_i.data @4; RESET_BY rstn_i @2,0,yes
tuning,neorv32_bus,neorv32_bus_reg,device_req_o.addr,ports,assigned (whole-record target),not assigned,mixed,,,undriven,driven,,ORIGINATES FORWARDS,2@219; 3@222; 4@233,CLOCKED_BY clk_i @3; COPIES host_req_i.addr @3; COPIES host_req_i.addr @4; GATED_BY host_req_i.stb @3; RESET_BY rstn_i @2,0,yes
tuning,neorv32_bus,neorv32_bus_reg,device_req_o.data,ports,assigned (whole-record target),not assigned,mixed,,,undriven,driven,,ORIGINATES FORWARDS,2@219; 3@222; 4@233,CLOCKED_BY clk_i @3; COPIES host_req_i.data @3; COPIES host_req_i.data @4; GATED_BY host_req_i.stb @3; RESET_BY rstn_i @2,0,yes
tuning,neorv32_bus,neorv32_bus_reg,device_req_o.ben,ports,assigned (whole-record target),not assigned,mixed,,,undriven,driven,,ORIGINATES FORWARDS,2@219; 3@222; 4@233,CLOCKED_BY clk_i @3; COPIES host_req_i.ben @3; COPIES host_req_i.ben @4; GATED_BY host_req_i.stb @3; RESET_BY rstn_i @2,0,yes
tuning,neorv32_bus,neorv32_bus_reg,device_req_o.stb,ports,assigned (whole-record target),edge,mixed,,,,,ORIGINATES,ORIGINATES FORWARDS,3@219; 4@222; 5@233,CLOCKED_BY clk_i @4; COPIES host_req_i.stb @4; COPIES host_req_i.stb @5; GATED_BY host_req_i.stb @4; RESET_BY rstn_i @3,0,yes
tuning,neorv32_bus,neorv32_bus_reg,device_req_o.rw,ports,assigned (whole-record target),not assigned,mixed,,,undriven,driven,,ORIGINATES FORWARDS,2@219; 3@222; 4@233,CLOCKED_BY clk_i @3; COPIES host_req_i.rw @3; COPIES host_req_i.rw @4; GATED_BY host_req_i.stb @3; RESET_BY rstn_i @2,0,yes
tuning,neorv32_bus,neorv32_bus_reg,device_req_o.src,ports,assigned (whole-record target),not assigned,mixed,,,undriven,driven,,ORIGINATES FORWARDS,2@219; 3@222; 4@233,CLOCKED_BY clk_i @3; COPIES host_req_i.src @3; COPIES host_req_i.src @4; GATED_BY host_req_i.stb @3; RESET_BY rstn_i @2,0,yes
tuning,neorv32_bus,neorv32_bus_reg,device_req_o.priv,ports,assigned (whole-record target),not assigned,mixed,,,undriven,driven,,ORIGINATES FORWARDS,2@219; 3@222; 4@233,CLOCKED_BY clk_i @3; COPIES host_req_i.priv @3; COPIES host_req_i.priv @4; GATED_BY host_req_i.stb @3; RESET_BY rstn_i @2,0,yes
tuning,neorv32_bus,neorv32_bus_reg,device_req_o.debug,ports,assigned (whole-record target),not assigned,mixed,,,undriven,driven,,ORIGINATES FORWARDS,2@219; 3@222; 4@233,CLOCKED_BY clk_i @3; COPIES host_req_i.debug @3; COPIES host_req_i.debug @4; GATED_BY host_req_i.stb @3; RESET_BY rstn_i @2,0,yes
tuning,neorv32_bus,neorv32_bus_reg,device_req_o.amo,ports,assigned (whole-record target),not assigned,mixed,,,undriven,driven,,ORIGINATES FORWARDS,2@219; 3@222; 4@233,CLOCKED_BY clk_i @3; COPIES host_req_i.amo @3; COPIES host_req_i.amo @4; GATED_BY host_req_i.stb @3; RESET_BY rstn_i @2,0,yes
tuning,neorv32_bus,neorv32_bus_reg,device_req_o.amoop,ports,assigned (whole-record target),not assigned,mixed,,,undriven,driven,,ORIGINATES FORWARDS,2@219; 3@222; 4@233,CLOCKED_BY clk_i @3; COPIES host_req_i.amoop @3; COPIES host_req_i.amoop @4; GATED_BY host_req_i.stb @3; RESET_BY rstn_i @2,0,yes
tuning,neorv32_bus,neorv32_bus_reg,device_req_o.lock,ports,assigned (whole-record target),edge,mixed,,,,,ORIGINATES,ORIGINATES FORWARDS,3@219; 4@222; 5@233,CLOCKED_BY clk_i @4; COPIES host_req_i.lock @4; COPIES host_req_i.lock @5; GATED_BY host_req_i.stb @4; RESET_BY rstn_i @3,0,yes
tuning,neorv32_bus,neorv32_bus_reg,device_req_o.fence,ports,assigned (whole-record target),edge,mixed,,,,,ORIGINATES,ORIGINATES FORWARDS,3@219; 4@222; 5@233,CLOCKED_BY clk_i @4; COPIES host_req_i.fence @4; COPIES host_req_i.fence @5; GATED_BY host_req_i.stb @4; RESET_BY rstn_i @3,0,yes
tuning,neorv32_bus,neorv32_bus_reg,device_rsp_i.ack,ports,read (whole-record value),,,,,,,FORWARDS,CONSUMES FORWARDS,2@246; 3@253,CARRIES host_rsp_o.ack @2; CARRIES host_rsp_o.ack @3,0,yes
tuning,neorv32_bus,neorv32_bus_reg,device_rsp_i.err,ports,read (whole-record value),,,,,,,FORWARDS,CONSUMES FORWARDS,2@246; 3@253,CARRIES host_rsp_o.err @2; CARRIES host_rsp_o.err @3,0,yes
tuning,neorv32_bus,neorv32_bus_reg,device_rsp_i.data,ports,read (whole-record value),,,,,,,FORWARDS,CONSUMES FORWARDS,2@246; 3@253,CARRIES host_rsp_o.data @2; CARRIES host_rsp_o.data @3,0,yes
tuning,neorv32_bus,neorv32_bus_gateway,a_req_o.addr,ports,assigned (whole-record target),not assigned,none,,,undriven,driven,,ORIGINATES,2@366,DERIVES_FROM port_req @2,0,no
tuning,neorv32_bus,neorv32_bus_gateway,a_req_o.data,ports,assigned (whole-record target),not assigned,none,,,undriven,driven,,ORIGINATES,2@366,DERIVES_FROM port_req @2,0,no
tuning,neorv32_bus,neorv32_bus_gateway,a_req_o.ben,ports,assigned (whole-record target),not assigned,none,,,undriven,driven,,ORIGINATES,2@366,DERIVES_FROM port_req @2,0,no
tuning,neorv32_bus,neorv32_bus_gateway,a_req_o.stb,ports,assigned (whole-record target),not assigned,none,,,undriven,driven,,ORIGINATES,2@366,DERIVES_FROM port_req @2,0,no
tuning,neorv32_bus,neorv32_bus_gateway,a_req_o.rw,ports,assigned (whole-record target),not assigned,none,,,undriven,driven,,ORIGINATES,2@366,DERIVES_FROM port_req @2,0,no
tuning,neorv32_bus,neorv32_bus_gateway,a_req_o.src,ports,assigned (whole-record target),not assigned,none,,,undriven,driven,,ORIGINATES,2@366,DERIVES_FROM port_req @2,0,no
tuning,neorv32_bus,neorv32_bus_gateway,a_req_o.priv,ports,assigned (whole-record target),not assigned,none,,,undriven,driven,,ORIGINATES,2@366,DERIVES_FROM port_req @2,0,no
tuning,neorv32_bus,neorv32_bus_gateway,a_req_o.debug,ports,assigned (whole-record target),not assigned,none,,,undriven,driven,,ORIGINATES,2@366,DERIVES_FROM port_req @2,0,no
tuning,neorv32_bus,neorv32_bus_gateway,a_req_o.amo,ports,assigned (whole-record target),not assigned,none,,,undriven,driven,,ORIGINATES,2@366,DERIVES_FROM port_req @2,0,no
tuning,neorv32_bus,neorv32_bus_gateway,a_req_o.amoop,ports,assigned (whole-record target),not assigned,none,,,undriven,driven,,ORIGINATES,2@366,DERIVES_FROM port_req @2,0,no
tuning,neorv32_bus,neorv32_bus_gateway,a_req_o.lock,ports,assigned (whole-record target),not assigned,none,,,undriven,driven,,ORIGINATES,2@366,DERIVES_FROM port_req @2,0,no
tuning,neorv32_bus,neorv32_bus_gateway,a_req_o.fence,ports,assigned (whole-record target),not assigned,none,,,undriven,driven,,ORIGINATES,2@366,DERIVES_FROM port_req @2,0,no
tuning,neorv32_bus,neorv32_bus_gateway,b_req_o.addr,ports,assigned (whole-record target),not assigned,none,,,undriven,driven,,ORIGINATES,2@367,DERIVES_FROM port_req @2,0,no
tuning,neorv32_bus,neorv32_bus_gateway,b_req_o.data,ports,assigned (whole-record target),not assigned,none,,,undriven,driven,,ORIGINATES,2@367,DERIVES_FROM port_req @2,0,no
tuning,neorv32_bus,neorv32_bus_gateway,b_req_o.ben,ports,assigned (whole-record target),not assigned,none,,,undriven,driven,,ORIGINATES,2@367,DERIVES_FROM port_req @2,0,no
tuning,neorv32_bus,neorv32_bus_gateway,b_req_o.stb,ports,assigned (whole-record target),not assigned,none,,,undriven,driven,,ORIGINATES,2@367,DERIVES_FROM port_req @2,0,no
tuning,neorv32_bus,neorv32_bus_gateway,b_req_o.rw,ports,assigned (whole-record target),not assigned,none,,,undriven,driven,,ORIGINATES,2@367,DERIVES_FROM port_req @2,0,no
tuning,neorv32_bus,neorv32_bus_gateway,b_req_o.src,ports,assigned (whole-record target),not assigned,none,,,undriven,driven,,ORIGINATES,2@367,DERIVES_FROM port_req @2,0,no
tuning,neorv32_bus,neorv32_bus_gateway,b_req_o.priv,ports,assigned (whole-record target),not assigned,none,,,undriven,driven,,ORIGINATES,2@367,DERIVES_FROM port_req @2,0,no
tuning,neorv32_bus,neorv32_bus_gateway,b_req_o.debug,ports,assigned (whole-record target),not assigned,none,,,undriven,driven,,ORIGINATES,2@367,DERIVES_FROM port_req @2,0,no
tuning,neorv32_bus,neorv32_bus_gateway,b_req_o.amo,ports,assigned (whole-record target),not assigned,none,,,undriven,driven,,ORIGINATES,2@367,DERIVES_FROM port_req @2,0,no
tuning,neorv32_bus,neorv32_bus_gateway,b_req_o.amoop,ports,assigned (whole-record target),not assigned,none,,,undriven,driven,,ORIGINATES,2@367,DERIVES_FROM port_req @2,0,no
tuning,neorv32_bus,neorv32_bus_gateway,b_req_o.lock,ports,assigned (whole-record target),not assigned,none,,,undriven,driven,,ORIGINATES,2@367,DERIVES_FROM port_req @2,0,no
tuning,neorv32_bus,neorv32_bus_gateway,b_req_o.fence,ports,assigned (whole-record target),not assigned,none,,,undriven,driven,,ORIGINATES,2@367,DERIVES_FROM port_req @2,0,no
tuning,neorv32_bus,neorv32_bus_gateway,c_req_o.addr,ports,assigned (whole-record target),not assigned,none,,,undriven,driven,,ORIGINATES,2@368,DERIVES_FROM port_req @2,0,no
tuning,neorv32_bus,neorv32_bus_gateway,c_req_o.data,ports,assigned (whole-record target),not assigned,none,,,undriven,driven,,ORIGINATES,2@368,DERIVES_FROM port_req @2,0,no
tuning,neorv32_bus,neorv32_bus_gateway,c_req_o.ben,ports,assigned (whole-record target),not assigned,none,,,undriven,driven,,ORIGINATES,2@368,DERIVES_FROM port_req @2,0,no
tuning,neorv32_bus,neorv32_bus_gateway,c_req_o.stb,ports,assigned (whole-record target),not assigned,none,,,undriven,driven,,ORIGINATES,2@368,DERIVES_FROM port_req @2,0,no
tuning,neorv32_bus,neorv32_bus_gateway,c_req_o.rw,ports,assigned (whole-record target),not assigned,none,,,undriven,driven,,ORIGINATES,2@368,DERIVES_FROM port_req @2,0,no
tuning,neorv32_bus,neorv32_bus_gateway,c_req_o.src,ports,assigned (whole-record target),not assigned,none,,,undriven,driven,,ORIGINATES,2@368,DERIVES_FROM port_req @2,0,no
tuning,neorv32_bus,neorv32_bus_gateway,c_req_o.priv,ports,assigned (whole-record target),not assigned,none,,,undriven,driven,,ORIGINATES,2@368,DERIVES_FROM port_req @2,0,no
tuning,neorv32_bus,neorv32_bus_gateway,c_req_o.debug,ports,assigned (whole-record target),not assigned,none,,,undriven,driven,,ORIGINATES,2@368,DERIVES_FROM port_req @2,0,no
tuning,neorv32_bus,neorv32_bus_gateway,c_req_o.amo,ports,assigned (whole-record target),not assigned,none,,,undriven,driven,,ORIGINATES,2@368,DERIVES_FROM port_req @2,0,no
tuning,neorv32_bus,neorv32_bus_gateway,c_req_o.amoop,ports,assigned (whole-record target),not assigned,none,,,undriven,driven,,ORIGINATES,2@368,DERIVES_FROM port_req @2,0,no
tuning,neorv32_bus,neorv32_bus_gateway,c_req_o.lock,ports,assigned (whole-record target),not assigned,none,,,undriven,driven,,ORIGINATES,2@368,DERIVES_FROM port_req @2,0,no
tuning,neorv32_bus,neorv32_bus_gateway,c_req_o.fence,ports,assigned (whole-record target),not assigned,none,,,undriven,driven,,ORIGINATES,2@368,DERIVES_FROM port_req @2,0,no
tuning,neorv32_bus,neorv32_bus_gateway,x_req_o.addr,ports,assigned (whole-record target),not assigned,none,,,undriven,driven,,ORIGINATES,2@369,DERIVES_FROM port_req @2,0,no
tuning,neorv32_bus,neorv32_bus_gateway,x_req_o.data,ports,assigned (whole-record target),not assigned,none,,,undriven,driven,,ORIGINATES,2@369,DERIVES_FROM port_req @2,0,no
tuning,neorv32_bus,neorv32_bus_gateway,x_req_o.ben,ports,assigned (whole-record target),not assigned,none,,,undriven,driven,,ORIGINATES,2@369,DERIVES_FROM port_req @2,0,no
tuning,neorv32_bus,neorv32_bus_gateway,x_req_o.stb,ports,assigned (whole-record target),not assigned,none,,,undriven,driven,,ORIGINATES,2@369,DERIVES_FROM port_req @2,0,no
tuning,neorv32_bus,neorv32_bus_gateway,x_req_o.rw,ports,assigned (whole-record target),not assigned,none,,,undriven,driven,,ORIGINATES,2@369,DERIVES_FROM port_req @2,0,no
tuning,neorv32_bus,neorv32_bus_gateway,x_req_o.src,ports,assigned (whole-record target),not assigned,none,,,undriven,driven,,ORIGINATES,2@369,DERIVES_FROM port_req @2,0,no
tuning,neorv32_bus,neorv32_bus_gateway,x_req_o.priv,ports,assigned (whole-record target),not assigned,none,,,undriven,driven,,ORIGINATES,2@369,DERIVES_FROM port_req @2,0,no
tuning,neorv32_bus,neorv32_bus_gateway,x_req_o.debug,ports,assigned (whole-record target),not assigned,none,,,undriven,driven,,ORIGINATES,2@369,DERIVES_FROM port_req @2,0,no
tuning,neorv32_bus,neorv32_bus_gateway,x_req_o.amo,ports,assigned (whole-record target),not assigned,none,,,undriven,driven,,ORIGINATES,2@369,DERIVES_FROM port_req @2,0,no
tuning,neorv32_bus,neorv32_bus_gateway,x_req_o.amoop,ports,assigned (whole-record target),not assigned,none,,,undriven,driven,,ORIGINATES,2@369,DERIVES_FROM port_req @2,0,no
tuning,neorv32_bus,neorv32_bus_gateway,x_req_o.lock,ports,assigned (whole-record target),not assigned,none,,,undriven,driven,,ORIGINATES,2@369,DERIVES_FROM port_req @2,0,no
tuning,neorv32_bus,neorv32_bus_gateway,x_req_o.fence,ports,assigned (whole-record target),not assigned,none,,,undriven,driven,,ORIGINATES,2@369,DERIVES_FROM port_req @2,0,no
tuning,neorv32_bus,neorv32_bus_io_switch,dev_00_req_o.addr,ports,assigned (whole-record target),not assigned,none,,,undriven,driven,,ORIGINATES,2@617,DERIVES_FROM dev_req @2,0,no
tuning,neorv32_bus,neorv32_bus_io_switch,dev_00_req_o.data,ports,assigned (whole-record target),not assigned,none,,,undriven,driven,,ORIGINATES,2@617,DERIVES_FROM dev_req @2,0,no
tuning,neorv32_bus,neorv32_bus_io_switch,dev_00_req_o.ben,ports,assigned (whole-record target),not assigned,none,,,undriven,driven,,ORIGINATES,2@617,DERIVES_FROM dev_req @2,0,no
tuning,neorv32_bus,neorv32_bus_io_switch,dev_00_req_o.stb,ports,assigned (whole-record target),not assigned,none,,,undriven,driven,,ORIGINATES,2@617,DERIVES_FROM dev_req @2,0,no
tuning,neorv32_bus,neorv32_bus_io_switch,dev_00_req_o.rw,ports,assigned (whole-record target),not assigned,none,,,undriven,driven,,ORIGINATES,2@617,DERIVES_FROM dev_req @2,0,no
tuning,neorv32_bus,neorv32_bus_io_switch,dev_00_req_o.src,ports,assigned (whole-record target),not assigned,none,,,undriven,driven,,ORIGINATES,2@617,DERIVES_FROM dev_req @2,0,no
tuning,neorv32_bus,neorv32_bus_io_switch,dev_00_req_o.priv,ports,assigned (whole-record target),not assigned,none,,,undriven,driven,,ORIGINATES,2@617,DERIVES_FROM dev_req @2,0,no
tuning,neorv32_bus,neorv32_bus_io_switch,dev_00_req_o.debug,ports,assigned (whole-record target),not assigned,none,,,undriven,driven,,ORIGINATES,2@617,DERIVES_FROM dev_req @2,0,no
tuning,neorv32_bus,neorv32_bus_io_switch,dev_00_req_o.amo,ports,assigned (whole-record target),not assigned,none,,,undriven,driven,,ORIGINATES,2@617,DERIVES_FROM dev_req @2,0,no
tuning,neorv32_bus,neorv32_bus_io_switch,dev_00_req_o.amoop,ports,assigned (whole-record target),not assigned,none,,,undriven,driven,,ORIGINATES,2@617,DERIVES_FROM dev_req @2,0,no
tuning,neorv32_bus,neorv32_bus_io_switch,dev_00_req_o.lock,ports,assigned (whole-record target),not assigned,none,,,undriven,driven,,ORIGINATES,2@617,DERIVES_FROM dev_req @2,0,no
tuning,neorv32_bus,neorv32_bus_io_switch,dev_00_req_o.fence,ports,assigned (whole-record target),not assigned,none,,,undriven,driven,,ORIGINATES,2@617,DERIVES_FROM dev_req @2,0,no
tuning,neorv32_bus,neorv32_bus_io_switch,dev_01_req_o.addr,ports,assigned (whole-record target),not assigned,none,,,undriven,driven,,ORIGINATES,2@618,DERIVES_FROM dev_req @2,0,no
tuning,neorv32_bus,neorv32_bus_io_switch,dev_01_req_o.data,ports,assigned (whole-record target),not assigned,none,,,undriven,driven,,ORIGINATES,2@618,DERIVES_FROM dev_req @2,0,no
tuning,neorv32_bus,neorv32_bus_io_switch,dev_01_req_o.ben,ports,assigned (whole-record target),not assigned,none,,,undriven,driven,,ORIGINATES,2@618,DERIVES_FROM dev_req @2,0,no
tuning,neorv32_bus,neorv32_bus_io_switch,dev_01_req_o.stb,ports,assigned (whole-record target),not assigned,none,,,undriven,driven,,ORIGINATES,2@618,DERIVES_FROM dev_req @2,0,no
tuning,neorv32_bus,neorv32_bus_io_switch,dev_01_req_o.rw,ports,assigned (whole-record target),not assigned,none,,,undriven,driven,,ORIGINATES,2@618,DERIVES_FROM dev_req @2,0,no
tuning,neorv32_bus,neorv32_bus_io_switch,dev_01_req_o.src,ports,assigned (whole-record target),not assigned,none,,,undriven,driven,,ORIGINATES,2@618,DERIVES_FROM dev_req @2,0,no
tuning,neorv32_bus,neorv32_bus_io_switch,dev_01_req_o.priv,ports,assigned (whole-record target),not assigned,none,,,undriven,driven,,ORIGINATES,2@618,DERIVES_FROM dev_req @2,0,no
tuning,neorv32_bus,neorv32_bus_io_switch,dev_01_req_o.debug,ports,assigned (whole-record target),not assigned,none,,,undriven,driven,,ORIGINATES,2@618,DERIVES_FROM dev_req @2,0,no
tuning,neorv32_bus,neorv32_bus_io_switch,dev_01_req_o.amo,ports,assigned (whole-record target),not assigned,none,,,undriven,driven,,ORIGINATES,2@618,DERIVES_FROM dev_req @2,0,no
tuning,neorv32_bus,neorv32_bus_io_switch,dev_01_req_o.amoop,ports,assigned (whole-record target),not assigned,none,,,undriven,driven,,ORIGINATES,2@618,DERIVES_FROM dev_req @2,0,no
tuning,neorv32_bus,neorv32_bus_io_switch,dev_01_req_o.lock,ports,assigned (whole-record target),not assigned,none,,,undriven,driven,,ORIGINATES,2@618,DERIVES_FROM dev_req @2,0,no
tuning,neorv32_bus,neorv32_bus_io_switch,dev_01_req_o.fence,ports,assigned (whole-record target),not assigned,none,,,undriven,driven,,ORIGINATES,2@618,DERIVES_FROM dev_req @2,0,no
tuning,neorv32_bus,neorv32_bus_io_switch,dev_02_req_o.addr,ports,assigned (whole-record target),not assigned,none,,,undriven,driven,,ORIGINATES,2@619,DERIVES_FROM dev_req @2,0,no
tuning,neorv32_bus,neorv32_bus_io_switch,dev_02_req_o.data,ports,assigned (whole-record target),not assigned,none,,,undriven,driven,,ORIGINATES,2@619,DERIVES_FROM dev_req @2,0,no
tuning,neorv32_bus,neorv32_bus_io_switch,dev_02_req_o.ben,ports,assigned (whole-record target),not assigned,none,,,undriven,driven,,ORIGINATES,2@619,DERIVES_FROM dev_req @2,0,no
tuning,neorv32_bus,neorv32_bus_io_switch,dev_02_req_o.stb,ports,assigned (whole-record target),not assigned,none,,,undriven,driven,,ORIGINATES,2@619,DERIVES_FROM dev_req @2,0,no
tuning,neorv32_bus,neorv32_bus_io_switch,dev_02_req_o.rw,ports,assigned (whole-record target),not assigned,none,,,undriven,driven,,ORIGINATES,2@619,DERIVES_FROM dev_req @2,0,no
tuning,neorv32_bus,neorv32_bus_io_switch,dev_02_req_o.src,ports,assigned (whole-record target),not assigned,none,,,undriven,driven,,ORIGINATES,2@619,DERIVES_FROM dev_req @2,0,no
tuning,neorv32_bus,neorv32_bus_io_switch,dev_02_req_o.priv,ports,assigned (whole-record target),not assigned,none,,,undriven,driven,,ORIGINATES,2@619,DERIVES_FROM dev_req @2,0,no
tuning,neorv32_bus,neorv32_bus_io_switch,dev_02_req_o.debug,ports,assigned (whole-record target),not assigned,none,,,undriven,driven,,ORIGINATES,2@619,DERIVES_FROM dev_req @2,0,no
tuning,neorv32_bus,neorv32_bus_io_switch,dev_02_req_o.amo,ports,assigned (whole-record target),not assigned,none,,,undriven,driven,,ORIGINATES,2@619,DERIVES_FROM dev_req @2,0,no
tuning,neorv32_bus,neorv32_bus_io_switch,dev_02_req_o.amoop,ports,assigned (whole-record target),not assigned,none,,,undriven,driven,,ORIGINATES,2@619,DERIVES_FROM dev_req @2,0,no
tuning,neorv32_bus,neorv32_bus_io_switch,dev_02_req_o.lock,ports,assigned (whole-record target),not assigned,none,,,undriven,driven,,ORIGINATES,2@619,DERIVES_FROM dev_req @2,0,no
tuning,neorv32_bus,neorv32_bus_io_switch,dev_02_req_o.fence,ports,assigned (whole-record target),not assigned,none,,,undriven,driven,,ORIGINATES,2@619,DERIVES_FROM dev_req @2,0,no
tuning,neorv32_bus,neorv32_bus_io_switch,dev_03_req_o.addr,ports,assigned (whole-record target),not assigned,none,,,undriven,driven,,ORIGINATES,2@620,DERIVES_FROM dev_req @2,0,no
tuning,neorv32_bus,neorv32_bus_io_switch,dev_03_req_o.data,ports,assigned (whole-record target),not assigned,none,,,undriven,driven,,ORIGINATES,2@620,DERIVES_FROM dev_req @2,0,no
tuning,neorv32_bus,neorv32_bus_io_switch,dev_03_req_o.ben,ports,assigned (whole-record target),not assigned,none,,,undriven,driven,,ORIGINATES,2@620,DERIVES_FROM dev_req @2,0,no
tuning,neorv32_bus,neorv32_bus_io_switch,dev_03_req_o.stb,ports,assigned (whole-record target),not assigned,none,,,undriven,driven,,ORIGINATES,2@620,DERIVES_FROM dev_req @2,0,no
tuning,neorv32_bus,neorv32_bus_io_switch,dev_03_req_o.rw,ports,assigned (whole-record target),not assigned,none,,,undriven,driven,,ORIGINATES,2@620,DERIVES_FROM dev_req @2,0,no
tuning,neorv32_bus,neorv32_bus_io_switch,dev_03_req_o.src,ports,assigned (whole-record target),not assigned,none,,,undriven,driven,,ORIGINATES,2@620,DERIVES_FROM dev_req @2,0,no
tuning,neorv32_bus,neorv32_bus_io_switch,dev_03_req_o.priv,ports,assigned (whole-record target),not assigned,none,,,undriven,driven,,ORIGINATES,2@620,DERIVES_FROM dev_req @2,0,no
tuning,neorv32_bus,neorv32_bus_io_switch,dev_03_req_o.debug,ports,assigned (whole-record target),not assigned,none,,,undriven,driven,,ORIGINATES,2@620,DERIVES_FROM dev_req @2,0,no
tuning,neorv32_bus,neorv32_bus_io_switch,dev_03_req_o.amo,ports,assigned (whole-record target),not assigned,none,,,undriven,driven,,ORIGINATES,2@620,DERIVES_FROM dev_req @2,0,no
tuning,neorv32_bus,neorv32_bus_io_switch,dev_03_req_o.amoop,ports,assigned (whole-record target),not assigned,none,,,undriven,driven,,ORIGINATES,2@620,DERIVES_FROM dev_req @2,0,no
tuning,neorv32_bus,neorv32_bus_io_switch,dev_03_req_o.lock,ports,assigned (whole-record target),not assigned,none,,,undriven,driven,,ORIGINATES,2@620,DERIVES_FROM dev_req @2,0,no
tuning,neorv32_bus,neorv32_bus_io_switch,dev_03_req_o.fence,ports,assigned (whole-record target),not assigned,none,,,undriven,driven,,ORIGINATES,2@620,DERIVES_FROM dev_req @2,0,no
tuning,neorv32_bus,neorv32_bus_io_switch,dev_04_req_o.addr,ports,assigned (whole-record target),not assigned,none,,,undriven,driven,,ORIGINATES,2@621,DERIVES_FROM dev_req @2,0,no
tuning,neorv32_bus,neorv32_bus_io_switch,dev_04_req_o.data,ports,assigned (whole-record target),not assigned,none,,,undriven,driven,,ORIGINATES,2@621,DERIVES_FROM dev_req @2,0,no
tuning,neorv32_bus,neorv32_bus_io_switch,dev_04_req_o.ben,ports,assigned (whole-record target),not assigned,none,,,undriven,driven,,ORIGINATES,2@621,DERIVES_FROM dev_req @2,0,no
tuning,neorv32_bus,neorv32_bus_io_switch,dev_04_req_o.stb,ports,assigned (whole-record target),not assigned,none,,,undriven,driven,,ORIGINATES,2@621,DERIVES_FROM dev_req @2,0,no
tuning,neorv32_bus,neorv32_bus_io_switch,dev_04_req_o.rw,ports,assigned (whole-record target),not assigned,none,,,undriven,driven,,ORIGINATES,2@621,DERIVES_FROM dev_req @2,0,no
tuning,neorv32_bus,neorv32_bus_io_switch,dev_04_req_o.src,ports,assigned (whole-record target),not assigned,none,,,undriven,driven,,ORIGINATES,2@621,DERIVES_FROM dev_req @2,0,no
tuning,neorv32_bus,neorv32_bus_io_switch,dev_04_req_o.priv,ports,assigned (whole-record target),not assigned,none,,,undriven,driven,,ORIGINATES,2@621,DERIVES_FROM dev_req @2,0,no
tuning,neorv32_bus,neorv32_bus_io_switch,dev_04_req_o.debug,ports,assigned (whole-record target),not assigned,none,,,undriven,driven,,ORIGINATES,2@621,DERIVES_FROM dev_req @2,0,no
tuning,neorv32_bus,neorv32_bus_io_switch,dev_04_req_o.amo,ports,assigned (whole-record target),not assigned,none,,,undriven,driven,,ORIGINATES,2@621,DERIVES_FROM dev_req @2,0,no
tuning,neorv32_bus,neorv32_bus_io_switch,dev_04_req_o.amoop,ports,assigned (whole-record target),not assigned,none,,,undriven,driven,,ORIGINATES,2@621,DERIVES_FROM dev_req @2,0,no
tuning,neorv32_bus,neorv32_bus_io_switch,dev_04_req_o.lock,ports,assigned (whole-record target),not assigned,none,,,undriven,driven,,ORIGINATES,2@621,DERIVES_FROM dev_req @2,0,no
tuning,neorv32_bus,neorv32_bus_io_switch,dev_04_req_o.fence,ports,assigned (whole-record target),not assigned,none,,,undriven,driven,,ORIGINATES,2@621,DERIVES_FROM dev_req @2,0,no
tuning,neorv32_bus,neorv32_bus_io_switch,dev_05_req_o.addr,ports,assigned (whole-record target),not assigned,none,,,undriven,driven,,ORIGINATES,2@622,DERIVES_FROM dev_req @2,0,no
tuning,neorv32_bus,neorv32_bus_io_switch,dev_05_req_o.data,ports,assigned (whole-record target),not assigned,none,,,undriven,driven,,ORIGINATES,2@622,DERIVES_FROM dev_req @2,0,no
tuning,neorv32_bus,neorv32_bus_io_switch,dev_05_req_o.ben,ports,assigned (whole-record target),not assigned,none,,,undriven,driven,,ORIGINATES,2@622,DERIVES_FROM dev_req @2,0,no
tuning,neorv32_bus,neorv32_bus_io_switch,dev_05_req_o.stb,ports,assigned (whole-record target),not assigned,none,,,undriven,driven,,ORIGINATES,2@622,DERIVES_FROM dev_req @2,0,no
tuning,neorv32_bus,neorv32_bus_io_switch,dev_05_req_o.rw,ports,assigned (whole-record target),not assigned,none,,,undriven,driven,,ORIGINATES,2@622,DERIVES_FROM dev_req @2,0,no
tuning,neorv32_bus,neorv32_bus_io_switch,dev_05_req_o.src,ports,assigned (whole-record target),not assigned,none,,,undriven,driven,,ORIGINATES,2@622,DERIVES_FROM dev_req @2,0,no
tuning,neorv32_bus,neorv32_bus_io_switch,dev_05_req_o.priv,ports,assigned (whole-record target),not assigned,none,,,undriven,driven,,ORIGINATES,2@622,DERIVES_FROM dev_req @2,0,no
tuning,neorv32_bus,neorv32_bus_io_switch,dev_05_req_o.debug,ports,assigned (whole-record target),not assigned,none,,,undriven,driven,,ORIGINATES,2@622,DERIVES_FROM dev_req @2,0,no
tuning,neorv32_bus,neorv32_bus_io_switch,dev_05_req_o.amo,ports,assigned (whole-record target),not assigned,none,,,undriven,driven,,ORIGINATES,2@622,DERIVES_FROM dev_req @2,0,no
tuning,neorv32_bus,neorv32_bus_io_switch,dev_05_req_o.amoop,ports,assigned (whole-record target),not assigned,none,,,undriven,driven,,ORIGINATES,2@622,DERIVES_FROM dev_req @2,0,no
tuning,neorv32_bus,neorv32_bus_io_switch,dev_05_req_o.lock,ports,assigned (whole-record target),not assigned,none,,,undriven,driven,,ORIGINATES,2@622,DERIVES_FROM dev_req @2,0,no
tuning,neorv32_bus,neorv32_bus_io_switch,dev_05_req_o.fence,ports,assigned (whole-record target),not assigned,none,,,undriven,driven,,ORIGINATES,2@622,DERIVES_FROM dev_req @2,0,no
tuning,neorv32_bus,neorv32_bus_io_switch,dev_06_req_o.addr,ports,assigned (whole-record target),not assigned,none,,,undriven,driven,,ORIGINATES,2@623,DERIVES_FROM dev_req @2,0,no
tuning,neorv32_bus,neorv32_bus_io_switch,dev_06_req_o.data,ports,assigned (whole-record target),not assigned,none,,,undriven,driven,,ORIGINATES,2@623,DERIVES_FROM dev_req @2,0,no
tuning,neorv32_bus,neorv32_bus_io_switch,dev_06_req_o.ben,ports,assigned (whole-record target),not assigned,none,,,undriven,driven,,ORIGINATES,2@623,DERIVES_FROM dev_req @2,0,no
tuning,neorv32_bus,neorv32_bus_io_switch,dev_06_req_o.stb,ports,assigned (whole-record target),not assigned,none,,,undriven,driven,,ORIGINATES,2@623,DERIVES_FROM dev_req @2,0,no
tuning,neorv32_bus,neorv32_bus_io_switch,dev_06_req_o.rw,ports,assigned (whole-record target),not assigned,none,,,undriven,driven,,ORIGINATES,2@623,DERIVES_FROM dev_req @2,0,no
tuning,neorv32_bus,neorv32_bus_io_switch,dev_06_req_o.src,ports,assigned (whole-record target),not assigned,none,,,undriven,driven,,ORIGINATES,2@623,DERIVES_FROM dev_req @2,0,no
tuning,neorv32_bus,neorv32_bus_io_switch,dev_06_req_o.priv,ports,assigned (whole-record target),not assigned,none,,,undriven,driven,,ORIGINATES,2@623,DERIVES_FROM dev_req @2,0,no
tuning,neorv32_bus,neorv32_bus_io_switch,dev_06_req_o.debug,ports,assigned (whole-record target),not assigned,none,,,undriven,driven,,ORIGINATES,2@623,DERIVES_FROM dev_req @2,0,no
tuning,neorv32_bus,neorv32_bus_io_switch,dev_06_req_o.amo,ports,assigned (whole-record target),not assigned,none,,,undriven,driven,,ORIGINATES,2@623,DERIVES_FROM dev_req @2,0,no
tuning,neorv32_bus,neorv32_bus_io_switch,dev_06_req_o.amoop,ports,assigned (whole-record target),not assigned,none,,,undriven,driven,,ORIGINATES,2@623,DERIVES_FROM dev_req @2,0,no
tuning,neorv32_bus,neorv32_bus_io_switch,dev_06_req_o.lock,ports,assigned (whole-record target),not assigned,none,,,undriven,driven,,ORIGINATES,2@623,DERIVES_FROM dev_req @2,0,no
tuning,neorv32_bus,neorv32_bus_io_switch,dev_06_req_o.fence,ports,assigned (whole-record target),not assigned,none,,,undriven,driven,,ORIGINATES,2@623,DERIVES_FROM dev_req @2,0,no
tuning,neorv32_bus,neorv32_bus_io_switch,dev_07_req_o.addr,ports,assigned (whole-record target),not assigned,none,,,undriven,driven,,ORIGINATES,2@624,DERIVES_FROM dev_req @2,0,no
tuning,neorv32_bus,neorv32_bus_io_switch,dev_07_req_o.data,ports,assigned (whole-record target),not assigned,none,,,undriven,driven,,ORIGINATES,2@624,DERIVES_FROM dev_req @2,0,no
tuning,neorv32_bus,neorv32_bus_io_switch,dev_07_req_o.ben,ports,assigned (whole-record target),not assigned,none,,,undriven,driven,,ORIGINATES,2@624,DERIVES_FROM dev_req @2,0,no
tuning,neorv32_bus,neorv32_bus_io_switch,dev_07_req_o.stb,ports,assigned (whole-record target),not assigned,none,,,undriven,driven,,ORIGINATES,2@624,DERIVES_FROM dev_req @2,0,no
tuning,neorv32_bus,neorv32_bus_io_switch,dev_07_req_o.rw,ports,assigned (whole-record target),not assigned,none,,,undriven,driven,,ORIGINATES,2@624,DERIVES_FROM dev_req @2,0,no
tuning,neorv32_bus,neorv32_bus_io_switch,dev_07_req_o.src,ports,assigned (whole-record target),not assigned,none,,,undriven,driven,,ORIGINATES,2@624,DERIVES_FROM dev_req @2,0,no
tuning,neorv32_bus,neorv32_bus_io_switch,dev_07_req_o.priv,ports,assigned (whole-record target),not assigned,none,,,undriven,driven,,ORIGINATES,2@624,DERIVES_FROM dev_req @2,0,no
tuning,neorv32_bus,neorv32_bus_io_switch,dev_07_req_o.debug,ports,assigned (whole-record target),not assigned,none,,,undriven,driven,,ORIGINATES,2@624,DERIVES_FROM dev_req @2,0,no
tuning,neorv32_bus,neorv32_bus_io_switch,dev_07_req_o.amo,ports,assigned (whole-record target),not assigned,none,,,undriven,driven,,ORIGINATES,2@624,DERIVES_FROM dev_req @2,0,no
tuning,neorv32_bus,neorv32_bus_io_switch,dev_07_req_o.amoop,ports,assigned (whole-record target),not assigned,none,,,undriven,driven,,ORIGINATES,2@624,DERIVES_FROM dev_req @2,0,no
tuning,neorv32_bus,neorv32_bus_io_switch,dev_07_req_o.lock,ports,assigned (whole-record target),not assigned,none,,,undriven,driven,,ORIGINATES,2@624,DERIVES_FROM dev_req @2,0,no
tuning,neorv32_bus,neorv32_bus_io_switch,dev_07_req_o.fence,ports,assigned (whole-record target),not assigned,none,,,undriven,driven,,ORIGINATES,2@624,DERIVES_FROM dev_req @2,0,no
tuning,neorv32_bus,neorv32_bus_io_switch,dev_08_req_o.addr,ports,assigned (whole-record target),not assigned,none,,,undriven,driven,,ORIGINATES,2@625,DERIVES_FROM dev_req @2,0,no
tuning,neorv32_bus,neorv32_bus_io_switch,dev_08_req_o.data,ports,assigned (whole-record target),not assigned,none,,,undriven,driven,,ORIGINATES,2@625,DERIVES_FROM dev_req @2,0,no
tuning,neorv32_bus,neorv32_bus_io_switch,dev_08_req_o.ben,ports,assigned (whole-record target),not assigned,none,,,undriven,driven,,ORIGINATES,2@625,DERIVES_FROM dev_req @2,0,no
tuning,neorv32_bus,neorv32_bus_io_switch,dev_08_req_o.stb,ports,assigned (whole-record target),not assigned,none,,,undriven,driven,,ORIGINATES,2@625,DERIVES_FROM dev_req @2,0,no
tuning,neorv32_bus,neorv32_bus_io_switch,dev_08_req_o.rw,ports,assigned (whole-record target),not assigned,none,,,undriven,driven,,ORIGINATES,2@625,DERIVES_FROM dev_req @2,0,no
tuning,neorv32_bus,neorv32_bus_io_switch,dev_08_req_o.src,ports,assigned (whole-record target),not assigned,none,,,undriven,driven,,ORIGINATES,2@625,DERIVES_FROM dev_req @2,0,no
tuning,neorv32_bus,neorv32_bus_io_switch,dev_08_req_o.priv,ports,assigned (whole-record target),not assigned,none,,,undriven,driven,,ORIGINATES,2@625,DERIVES_FROM dev_req @2,0,no
tuning,neorv32_bus,neorv32_bus_io_switch,dev_08_req_o.debug,ports,assigned (whole-record target),not assigned,none,,,undriven,driven,,ORIGINATES,2@625,DERIVES_FROM dev_req @2,0,no
tuning,neorv32_bus,neorv32_bus_io_switch,dev_08_req_o.amo,ports,assigned (whole-record target),not assigned,none,,,undriven,driven,,ORIGINATES,2@625,DERIVES_FROM dev_req @2,0,no
tuning,neorv32_bus,neorv32_bus_io_switch,dev_08_req_o.amoop,ports,assigned (whole-record target),not assigned,none,,,undriven,driven,,ORIGINATES,2@625,DERIVES_FROM dev_req @2,0,no
tuning,neorv32_bus,neorv32_bus_io_switch,dev_08_req_o.lock,ports,assigned (whole-record target),not assigned,none,,,undriven,driven,,ORIGINATES,2@625,DERIVES_FROM dev_req @2,0,no
tuning,neorv32_bus,neorv32_bus_io_switch,dev_08_req_o.fence,ports,assigned (whole-record target),not assigned,none,,,undriven,driven,,ORIGINATES,2@625,DERIVES_FROM dev_req @2,0,no
tuning,neorv32_bus,neorv32_bus_io_switch,dev_09_req_o.addr,ports,assigned (whole-record target),not assigned,none,,,undriven,driven,,ORIGINATES,2@626,DERIVES_FROM dev_req @2,0,no
tuning,neorv32_bus,neorv32_bus_io_switch,dev_09_req_o.data,ports,assigned (whole-record target),not assigned,none,,,undriven,driven,,ORIGINATES,2@626,DERIVES_FROM dev_req @2,0,no
tuning,neorv32_bus,neorv32_bus_io_switch,dev_09_req_o.ben,ports,assigned (whole-record target),not assigned,none,,,undriven,driven,,ORIGINATES,2@626,DERIVES_FROM dev_req @2,0,no
tuning,neorv32_bus,neorv32_bus_io_switch,dev_09_req_o.stb,ports,assigned (whole-record target),not assigned,none,,,undriven,driven,,ORIGINATES,2@626,DERIVES_FROM dev_req @2,0,no
tuning,neorv32_bus,neorv32_bus_io_switch,dev_09_req_o.rw,ports,assigned (whole-record target),not assigned,none,,,undriven,driven,,ORIGINATES,2@626,DERIVES_FROM dev_req @2,0,no
tuning,neorv32_bus,neorv32_bus_io_switch,dev_09_req_o.src,ports,assigned (whole-record target),not assigned,none,,,undriven,driven,,ORIGINATES,2@626,DERIVES_FROM dev_req @2,0,no
tuning,neorv32_bus,neorv32_bus_io_switch,dev_09_req_o.priv,ports,assigned (whole-record target),not assigned,none,,,undriven,driven,,ORIGINATES,2@626,DERIVES_FROM dev_req @2,0,no
tuning,neorv32_bus,neorv32_bus_io_switch,dev_09_req_o.debug,ports,assigned (whole-record target),not assigned,none,,,undriven,driven,,ORIGINATES,2@626,DERIVES_FROM dev_req @2,0,no
tuning,neorv32_bus,neorv32_bus_io_switch,dev_09_req_o.amo,ports,assigned (whole-record target),not assigned,none,,,undriven,driven,,ORIGINATES,2@626,DERIVES_FROM dev_req @2,0,no
tuning,neorv32_bus,neorv32_bus_io_switch,dev_09_req_o.amoop,ports,assigned (whole-record target),not assigned,none,,,undriven,driven,,ORIGINATES,2@626,DERIVES_FROM dev_req @2,0,no
tuning,neorv32_bus,neorv32_bus_io_switch,dev_09_req_o.lock,ports,assigned (whole-record target),not assigned,none,,,undriven,driven,,ORIGINATES,2@626,DERIVES_FROM dev_req @2,0,no
tuning,neorv32_bus,neorv32_bus_io_switch,dev_09_req_o.fence,ports,assigned (whole-record target),not assigned,none,,,undriven,driven,,ORIGINATES,2@626,DERIVES_FROM dev_req @2,0,no
tuning,neorv32_bus,neorv32_bus_io_switch,dev_10_req_o.addr,ports,assigned (whole-record target),not assigned,none,,,undriven,driven,,ORIGINATES,2@627,DERIVES_FROM dev_req @2,0,no
tuning,neorv32_bus,neorv32_bus_io_switch,dev_10_req_o.data,ports,assigned (whole-record target),not assigned,none,,,undriven,driven,,ORIGINATES,2@627,DERIVES_FROM dev_req @2,0,no
tuning,neorv32_bus,neorv32_bus_io_switch,dev_10_req_o.ben,ports,assigned (whole-record target),not assigned,none,,,undriven,driven,,ORIGINATES,2@627,DERIVES_FROM dev_req @2,0,no
tuning,neorv32_bus,neorv32_bus_io_switch,dev_10_req_o.stb,ports,assigned (whole-record target),not assigned,none,,,undriven,driven,,ORIGINATES,2@627,DERIVES_FROM dev_req @2,0,no
tuning,neorv32_bus,neorv32_bus_io_switch,dev_10_req_o.rw,ports,assigned (whole-record target),not assigned,none,,,undriven,driven,,ORIGINATES,2@627,DERIVES_FROM dev_req @2,0,no
tuning,neorv32_bus,neorv32_bus_io_switch,dev_10_req_o.src,ports,assigned (whole-record target),not assigned,none,,,undriven,driven,,ORIGINATES,2@627,DERIVES_FROM dev_req @2,0,no
tuning,neorv32_bus,neorv32_bus_io_switch,dev_10_req_o.priv,ports,assigned (whole-record target),not assigned,none,,,undriven,driven,,ORIGINATES,2@627,DERIVES_FROM dev_req @2,0,no
tuning,neorv32_bus,neorv32_bus_io_switch,dev_10_req_o.debug,ports,assigned (whole-record target),not assigned,none,,,undriven,driven,,ORIGINATES,2@627,DERIVES_FROM dev_req @2,0,no
tuning,neorv32_bus,neorv32_bus_io_switch,dev_10_req_o.amo,ports,assigned (whole-record target),not assigned,none,,,undriven,driven,,ORIGINATES,2@627,DERIVES_FROM dev_req @2,0,no
tuning,neorv32_bus,neorv32_bus_io_switch,dev_10_req_o.amoop,ports,assigned (whole-record target),not assigned,none,,,undriven,driven,,ORIGINATES,2@627,DERIVES_FROM dev_req @2,0,no
tuning,neorv32_bus,neorv32_bus_io_switch,dev_10_req_o.lock,ports,assigned (whole-record target),not assigned,none,,,undriven,driven,,ORIGINATES,2@627,DERIVES_FROM dev_req @2,0,no
tuning,neorv32_bus,neorv32_bus_io_switch,dev_10_req_o.fence,ports,assigned (whole-record target),not assigned,none,,,undriven,driven,,ORIGINATES,2@627,DERIVES_FROM dev_req @2,0,no
tuning,neorv32_bus,neorv32_bus_io_switch,dev_11_req_o.addr,ports,assigned (whole-record target),not assigned,none,,,undriven,driven,,ORIGINATES,2@628,DERIVES_FROM dev_req @2,0,no
tuning,neorv32_bus,neorv32_bus_io_switch,dev_11_req_o.data,ports,assigned (whole-record target),not assigned,none,,,undriven,driven,,ORIGINATES,2@628,DERIVES_FROM dev_req @2,0,no
tuning,neorv32_bus,neorv32_bus_io_switch,dev_11_req_o.ben,ports,assigned (whole-record target),not assigned,none,,,undriven,driven,,ORIGINATES,2@628,DERIVES_FROM dev_req @2,0,no
tuning,neorv32_bus,neorv32_bus_io_switch,dev_11_req_o.stb,ports,assigned (whole-record target),not assigned,none,,,undriven,driven,,ORIGINATES,2@628,DERIVES_FROM dev_req @2,0,no
tuning,neorv32_bus,neorv32_bus_io_switch,dev_11_req_o.rw,ports,assigned (whole-record target),not assigned,none,,,undriven,driven,,ORIGINATES,2@628,DERIVES_FROM dev_req @2,0,no
tuning,neorv32_bus,neorv32_bus_io_switch,dev_11_req_o.src,ports,assigned (whole-record target),not assigned,none,,,undriven,driven,,ORIGINATES,2@628,DERIVES_FROM dev_req @2,0,no
tuning,neorv32_bus,neorv32_bus_io_switch,dev_11_req_o.priv,ports,assigned (whole-record target),not assigned,none,,,undriven,driven,,ORIGINATES,2@628,DERIVES_FROM dev_req @2,0,no
tuning,neorv32_bus,neorv32_bus_io_switch,dev_11_req_o.debug,ports,assigned (whole-record target),not assigned,none,,,undriven,driven,,ORIGINATES,2@628,DERIVES_FROM dev_req @2,0,no
tuning,neorv32_bus,neorv32_bus_io_switch,dev_11_req_o.amo,ports,assigned (whole-record target),not assigned,none,,,undriven,driven,,ORIGINATES,2@628,DERIVES_FROM dev_req @2,0,no
tuning,neorv32_bus,neorv32_bus_io_switch,dev_11_req_o.amoop,ports,assigned (whole-record target),not assigned,none,,,undriven,driven,,ORIGINATES,2@628,DERIVES_FROM dev_req @2,0,no
tuning,neorv32_bus,neorv32_bus_io_switch,dev_11_req_o.lock,ports,assigned (whole-record target),not assigned,none,,,undriven,driven,,ORIGINATES,2@628,DERIVES_FROM dev_req @2,0,no
tuning,neorv32_bus,neorv32_bus_io_switch,dev_11_req_o.fence,ports,assigned (whole-record target),not assigned,none,,,undriven,driven,,ORIGINATES,2@628,DERIVES_FROM dev_req @2,0,no
tuning,neorv32_bus,neorv32_bus_io_switch,dev_12_req_o.addr,ports,assigned (whole-record target),not assigned,none,,,undriven,driven,,ORIGINATES,2@629,DERIVES_FROM dev_req @2,0,no
tuning,neorv32_bus,neorv32_bus_io_switch,dev_12_req_o.data,ports,assigned (whole-record target),not assigned,none,,,undriven,driven,,ORIGINATES,2@629,DERIVES_FROM dev_req @2,0,no
tuning,neorv32_bus,neorv32_bus_io_switch,dev_12_req_o.ben,ports,assigned (whole-record target),not assigned,none,,,undriven,driven,,ORIGINATES,2@629,DERIVES_FROM dev_req @2,0,no
tuning,neorv32_bus,neorv32_bus_io_switch,dev_12_req_o.stb,ports,assigned (whole-record target),not assigned,none,,,undriven,driven,,ORIGINATES,2@629,DERIVES_FROM dev_req @2,0,no
tuning,neorv32_bus,neorv32_bus_io_switch,dev_12_req_o.rw,ports,assigned (whole-record target),not assigned,none,,,undriven,driven,,ORIGINATES,2@629,DERIVES_FROM dev_req @2,0,no
tuning,neorv32_bus,neorv32_bus_io_switch,dev_12_req_o.src,ports,assigned (whole-record target),not assigned,none,,,undriven,driven,,ORIGINATES,2@629,DERIVES_FROM dev_req @2,0,no
tuning,neorv32_bus,neorv32_bus_io_switch,dev_12_req_o.priv,ports,assigned (whole-record target),not assigned,none,,,undriven,driven,,ORIGINATES,2@629,DERIVES_FROM dev_req @2,0,no
tuning,neorv32_bus,neorv32_bus_io_switch,dev_12_req_o.debug,ports,assigned (whole-record target),not assigned,none,,,undriven,driven,,ORIGINATES,2@629,DERIVES_FROM dev_req @2,0,no
tuning,neorv32_bus,neorv32_bus_io_switch,dev_12_req_o.amo,ports,assigned (whole-record target),not assigned,none,,,undriven,driven,,ORIGINATES,2@629,DERIVES_FROM dev_req @2,0,no
tuning,neorv32_bus,neorv32_bus_io_switch,dev_12_req_o.amoop,ports,assigned (whole-record target),not assigned,none,,,undriven,driven,,ORIGINATES,2@629,DERIVES_FROM dev_req @2,0,no
tuning,neorv32_bus,neorv32_bus_io_switch,dev_12_req_o.lock,ports,assigned (whole-record target),not assigned,none,,,undriven,driven,,ORIGINATES,2@629,DERIVES_FROM dev_req @2,0,no
tuning,neorv32_bus,neorv32_bus_io_switch,dev_12_req_o.fence,ports,assigned (whole-record target),not assigned,none,,,undriven,driven,,ORIGINATES,2@629,DERIVES_FROM dev_req @2,0,no
tuning,neorv32_bus,neorv32_bus_io_switch,dev_13_req_o.addr,ports,assigned (whole-record target),not assigned,none,,,undriven,driven,,ORIGINATES,2@630,DERIVES_FROM dev_req @2,0,no
tuning,neorv32_bus,neorv32_bus_io_switch,dev_13_req_o.data,ports,assigned (whole-record target),not assigned,none,,,undriven,driven,,ORIGINATES,2@630,DERIVES_FROM dev_req @2,0,no
tuning,neorv32_bus,neorv32_bus_io_switch,dev_13_req_o.ben,ports,assigned (whole-record target),not assigned,none,,,undriven,driven,,ORIGINATES,2@630,DERIVES_FROM dev_req @2,0,no
tuning,neorv32_bus,neorv32_bus_io_switch,dev_13_req_o.stb,ports,assigned (whole-record target),not assigned,none,,,undriven,driven,,ORIGINATES,2@630,DERIVES_FROM dev_req @2,0,no
tuning,neorv32_bus,neorv32_bus_io_switch,dev_13_req_o.rw,ports,assigned (whole-record target),not assigned,none,,,undriven,driven,,ORIGINATES,2@630,DERIVES_FROM dev_req @2,0,no
tuning,neorv32_bus,neorv32_bus_io_switch,dev_13_req_o.src,ports,assigned (whole-record target),not assigned,none,,,undriven,driven,,ORIGINATES,2@630,DERIVES_FROM dev_req @2,0,no
tuning,neorv32_bus,neorv32_bus_io_switch,dev_13_req_o.priv,ports,assigned (whole-record target),not assigned,none,,,undriven,driven,,ORIGINATES,2@630,DERIVES_FROM dev_req @2,0,no
tuning,neorv32_bus,neorv32_bus_io_switch,dev_13_req_o.debug,ports,assigned (whole-record target),not assigned,none,,,undriven,driven,,ORIGINATES,2@630,DERIVES_FROM dev_req @2,0,no
tuning,neorv32_bus,neorv32_bus_io_switch,dev_13_req_o.amo,ports,assigned (whole-record target),not assigned,none,,,undriven,driven,,ORIGINATES,2@630,DERIVES_FROM dev_req @2,0,no
tuning,neorv32_bus,neorv32_bus_io_switch,dev_13_req_o.amoop,ports,assigned (whole-record target),not assigned,none,,,undriven,driven,,ORIGINATES,2@630,DERIVES_FROM dev_req @2,0,no
tuning,neorv32_bus,neorv32_bus_io_switch,dev_13_req_o.lock,ports,assigned (whole-record target),not assigned,none,,,undriven,driven,,ORIGINATES,2@630,DERIVES_FROM dev_req @2,0,no
tuning,neorv32_bus,neorv32_bus_io_switch,dev_13_req_o.fence,ports,assigned (whole-record target),not assigned,none,,,undriven,driven,,ORIGINATES,2@630,DERIVES_FROM dev_req @2,0,no
tuning,neorv32_bus,neorv32_bus_io_switch,dev_14_req_o.addr,ports,assigned (whole-record target),not assigned,none,,,undriven,driven,,ORIGINATES,2@631,DERIVES_FROM dev_req @2,0,no
tuning,neorv32_bus,neorv32_bus_io_switch,dev_14_req_o.data,ports,assigned (whole-record target),not assigned,none,,,undriven,driven,,ORIGINATES,2@631,DERIVES_FROM dev_req @2,0,no
tuning,neorv32_bus,neorv32_bus_io_switch,dev_14_req_o.ben,ports,assigned (whole-record target),not assigned,none,,,undriven,driven,,ORIGINATES,2@631,DERIVES_FROM dev_req @2,0,no
tuning,neorv32_bus,neorv32_bus_io_switch,dev_14_req_o.stb,ports,assigned (whole-record target),not assigned,none,,,undriven,driven,,ORIGINATES,2@631,DERIVES_FROM dev_req @2,0,no
tuning,neorv32_bus,neorv32_bus_io_switch,dev_14_req_o.rw,ports,assigned (whole-record target),not assigned,none,,,undriven,driven,,ORIGINATES,2@631,DERIVES_FROM dev_req @2,0,no
tuning,neorv32_bus,neorv32_bus_io_switch,dev_14_req_o.src,ports,assigned (whole-record target),not assigned,none,,,undriven,driven,,ORIGINATES,2@631,DERIVES_FROM dev_req @2,0,no
tuning,neorv32_bus,neorv32_bus_io_switch,dev_14_req_o.priv,ports,assigned (whole-record target),not assigned,none,,,undriven,driven,,ORIGINATES,2@631,DERIVES_FROM dev_req @2,0,no
tuning,neorv32_bus,neorv32_bus_io_switch,dev_14_req_o.debug,ports,assigned (whole-record target),not assigned,none,,,undriven,driven,,ORIGINATES,2@631,DERIVES_FROM dev_req @2,0,no
tuning,neorv32_bus,neorv32_bus_io_switch,dev_14_req_o.amo,ports,assigned (whole-record target),not assigned,none,,,undriven,driven,,ORIGINATES,2@631,DERIVES_FROM dev_req @2,0,no
tuning,neorv32_bus,neorv32_bus_io_switch,dev_14_req_o.amoop,ports,assigned (whole-record target),not assigned,none,,,undriven,driven,,ORIGINATES,2@631,DERIVES_FROM dev_req @2,0,no
tuning,neorv32_bus,neorv32_bus_io_switch,dev_14_req_o.lock,ports,assigned (whole-record target),not assigned,none,,,undriven,driven,,ORIGINATES,2@631,DERIVES_FROM dev_req @2,0,no
tuning,neorv32_bus,neorv32_bus_io_switch,dev_14_req_o.fence,ports,assigned (whole-record target),not assigned,none,,,undriven,driven,,ORIGINATES,2@631,DERIVES_FROM dev_req @2,0,no
tuning,neorv32_bus,neorv32_bus_io_switch,dev_15_req_o.addr,ports,assigned (whole-record target),not assigned,none,,,undriven,driven,,ORIGINATES,2@632,DERIVES_FROM dev_req @2,0,no
tuning,neorv32_bus,neorv32_bus_io_switch,dev_15_req_o.data,ports,assigned (whole-record target),not assigned,none,,,undriven,driven,,ORIGINATES,2@632,DERIVES_FROM dev_req @2,0,no
tuning,neorv32_bus,neorv32_bus_io_switch,dev_15_req_o.ben,ports,assigned (whole-record target),not assigned,none,,,undriven,driven,,ORIGINATES,2@632,DERIVES_FROM dev_req @2,0,no
tuning,neorv32_bus,neorv32_bus_io_switch,dev_15_req_o.stb,ports,assigned (whole-record target),not assigned,none,,,undriven,driven,,ORIGINATES,2@632,DERIVES_FROM dev_req @2,0,no
tuning,neorv32_bus,neorv32_bus_io_switch,dev_15_req_o.rw,ports,assigned (whole-record target),not assigned,none,,,undriven,driven,,ORIGINATES,2@632,DERIVES_FROM dev_req @2,0,no
tuning,neorv32_bus,neorv32_bus_io_switch,dev_15_req_o.src,ports,assigned (whole-record target),not assigned,none,,,undriven,driven,,ORIGINATES,2@632,DERIVES_FROM dev_req @2,0,no
tuning,neorv32_bus,neorv32_bus_io_switch,dev_15_req_o.priv,ports,assigned (whole-record target),not assigned,none,,,undriven,driven,,ORIGINATES,2@632,DERIVES_FROM dev_req @2,0,no
tuning,neorv32_bus,neorv32_bus_io_switch,dev_15_req_o.debug,ports,assigned (whole-record target),not assigned,none,,,undriven,driven,,ORIGINATES,2@632,DERIVES_FROM dev_req @2,0,no
tuning,neorv32_bus,neorv32_bus_io_switch,dev_15_req_o.amo,ports,assigned (whole-record target),not assigned,none,,,undriven,driven,,ORIGINATES,2@632,DERIVES_FROM dev_req @2,0,no
tuning,neorv32_bus,neorv32_bus_io_switch,dev_15_req_o.amoop,ports,assigned (whole-record target),not assigned,none,,,undriven,driven,,ORIGINATES,2@632,DERIVES_FROM dev_req @2,0,no
tuning,neorv32_bus,neorv32_bus_io_switch,dev_15_req_o.lock,ports,assigned (whole-record target),not assigned,none,,,undriven,driven,,ORIGINATES,2@632,DERIVES_FROM dev_req @2,0,no
tuning,neorv32_bus,neorv32_bus_io_switch,dev_15_req_o.fence,ports,assigned (whole-record target),not assigned,none,,,undriven,driven,,ORIGINATES,2@632,DERIVES_FROM dev_req @2,0,no
tuning,neorv32_bus,neorv32_bus_io_switch,dev_16_req_o.addr,ports,assigned (whole-record target),not assigned,none,,,undriven,driven,,ORIGINATES,2@633,DERIVES_FROM dev_req @2,0,no
tuning,neorv32_bus,neorv32_bus_io_switch,dev_16_req_o.data,ports,assigned (whole-record target),not assigned,none,,,undriven,driven,,ORIGINATES,2@633,DERIVES_FROM dev_req @2,0,no
tuning,neorv32_bus,neorv32_bus_io_switch,dev_16_req_o.ben,ports,assigned (whole-record target),not assigned,none,,,undriven,driven,,ORIGINATES,2@633,DERIVES_FROM dev_req @2,0,no
tuning,neorv32_bus,neorv32_bus_io_switch,dev_16_req_o.stb,ports,assigned (whole-record target),not assigned,none,,,undriven,driven,,ORIGINATES,2@633,DERIVES_FROM dev_req @2,0,no
tuning,neorv32_bus,neorv32_bus_io_switch,dev_16_req_o.rw,ports,assigned (whole-record target),not assigned,none,,,undriven,driven,,ORIGINATES,2@633,DERIVES_FROM dev_req @2,0,no
tuning,neorv32_bus,neorv32_bus_io_switch,dev_16_req_o.src,ports,assigned (whole-record target),not assigned,none,,,undriven,driven,,ORIGINATES,2@633,DERIVES_FROM dev_req @2,0,no
tuning,neorv32_bus,neorv32_bus_io_switch,dev_16_req_o.priv,ports,assigned (whole-record target),not assigned,none,,,undriven,driven,,ORIGINATES,2@633,DERIVES_FROM dev_req @2,0,no
tuning,neorv32_bus,neorv32_bus_io_switch,dev_16_req_o.debug,ports,assigned (whole-record target),not assigned,none,,,undriven,driven,,ORIGINATES,2@633,DERIVES_FROM dev_req @2,0,no
tuning,neorv32_bus,neorv32_bus_io_switch,dev_16_req_o.amo,ports,assigned (whole-record target),not assigned,none,,,undriven,driven,,ORIGINATES,2@633,DERIVES_FROM dev_req @2,0,no
tuning,neorv32_bus,neorv32_bus_io_switch,dev_16_req_o.amoop,ports,assigned (whole-record target),not assigned,none,,,undriven,driven,,ORIGINATES,2@633,DERIVES_FROM dev_req @2,0,no
tuning,neorv32_bus,neorv32_bus_io_switch,dev_16_req_o.lock,ports,assigned (whole-record target),not assigned,none,,,undriven,driven,,ORIGINATES,2@633,DERIVES_FROM dev_req @2,0,no
tuning,neorv32_bus,neorv32_bus_io_switch,dev_16_req_o.fence,ports,assigned (whole-record target),not assigned,none,,,undriven,driven,,ORIGINATES,2@633,DERIVES_FROM dev_req @2,0,no
tuning,neorv32_bus,neorv32_bus_io_switch,dev_17_req_o.addr,ports,assigned (whole-record target),not assigned,none,,,undriven,driven,,ORIGINATES,2@634,DERIVES_FROM dev_req @2,0,no
tuning,neorv32_bus,neorv32_bus_io_switch,dev_17_req_o.data,ports,assigned (whole-record target),not assigned,none,,,undriven,driven,,ORIGINATES,2@634,DERIVES_FROM dev_req @2,0,no
tuning,neorv32_bus,neorv32_bus_io_switch,dev_17_req_o.ben,ports,assigned (whole-record target),not assigned,none,,,undriven,driven,,ORIGINATES,2@634,DERIVES_FROM dev_req @2,0,no
tuning,neorv32_bus,neorv32_bus_io_switch,dev_17_req_o.stb,ports,assigned (whole-record target),not assigned,none,,,undriven,driven,,ORIGINATES,2@634,DERIVES_FROM dev_req @2,0,no
tuning,neorv32_bus,neorv32_bus_io_switch,dev_17_req_o.rw,ports,assigned (whole-record target),not assigned,none,,,undriven,driven,,ORIGINATES,2@634,DERIVES_FROM dev_req @2,0,no
tuning,neorv32_bus,neorv32_bus_io_switch,dev_17_req_o.src,ports,assigned (whole-record target),not assigned,none,,,undriven,driven,,ORIGINATES,2@634,DERIVES_FROM dev_req @2,0,no
tuning,neorv32_bus,neorv32_bus_io_switch,dev_17_req_o.priv,ports,assigned (whole-record target),not assigned,none,,,undriven,driven,,ORIGINATES,2@634,DERIVES_FROM dev_req @2,0,no
tuning,neorv32_bus,neorv32_bus_io_switch,dev_17_req_o.debug,ports,assigned (whole-record target),not assigned,none,,,undriven,driven,,ORIGINATES,2@634,DERIVES_FROM dev_req @2,0,no
tuning,neorv32_bus,neorv32_bus_io_switch,dev_17_req_o.amo,ports,assigned (whole-record target),not assigned,none,,,undriven,driven,,ORIGINATES,2@634,DERIVES_FROM dev_req @2,0,no
tuning,neorv32_bus,neorv32_bus_io_switch,dev_17_req_o.amoop,ports,assigned (whole-record target),not assigned,none,,,undriven,driven,,ORIGINATES,2@634,DERIVES_FROM dev_req @2,0,no
tuning,neorv32_bus,neorv32_bus_io_switch,dev_17_req_o.lock,ports,assigned (whole-record target),not assigned,none,,,undriven,driven,,ORIGINATES,2@634,DERIVES_FROM dev_req @2,0,no
tuning,neorv32_bus,neorv32_bus_io_switch,dev_17_req_o.fence,ports,assigned (whole-record target),not assigned,none,,,undriven,driven,,ORIGINATES,2@634,DERIVES_FROM dev_req @2,0,no
tuning,neorv32_bus,neorv32_bus_io_switch,dev_18_req_o.addr,ports,assigned (whole-record target),not assigned,none,,,undriven,driven,,ORIGINATES,2@635,DERIVES_FROM dev_req @2,0,no
tuning,neorv32_bus,neorv32_bus_io_switch,dev_18_req_o.data,ports,assigned (whole-record target),not assigned,none,,,undriven,driven,,ORIGINATES,2@635,DERIVES_FROM dev_req @2,0,no
tuning,neorv32_bus,neorv32_bus_io_switch,dev_18_req_o.ben,ports,assigned (whole-record target),not assigned,none,,,undriven,driven,,ORIGINATES,2@635,DERIVES_FROM dev_req @2,0,no
tuning,neorv32_bus,neorv32_bus_io_switch,dev_18_req_o.stb,ports,assigned (whole-record target),not assigned,none,,,undriven,driven,,ORIGINATES,2@635,DERIVES_FROM dev_req @2,0,no
tuning,neorv32_bus,neorv32_bus_io_switch,dev_18_req_o.rw,ports,assigned (whole-record target),not assigned,none,,,undriven,driven,,ORIGINATES,2@635,DERIVES_FROM dev_req @2,0,no
tuning,neorv32_bus,neorv32_bus_io_switch,dev_18_req_o.src,ports,assigned (whole-record target),not assigned,none,,,undriven,driven,,ORIGINATES,2@635,DERIVES_FROM dev_req @2,0,no
tuning,neorv32_bus,neorv32_bus_io_switch,dev_18_req_o.priv,ports,assigned (whole-record target),not assigned,none,,,undriven,driven,,ORIGINATES,2@635,DERIVES_FROM dev_req @2,0,no
tuning,neorv32_bus,neorv32_bus_io_switch,dev_18_req_o.debug,ports,assigned (whole-record target),not assigned,none,,,undriven,driven,,ORIGINATES,2@635,DERIVES_FROM dev_req @2,0,no
tuning,neorv32_bus,neorv32_bus_io_switch,dev_18_req_o.amo,ports,assigned (whole-record target),not assigned,none,,,undriven,driven,,ORIGINATES,2@635,DERIVES_FROM dev_req @2,0,no
tuning,neorv32_bus,neorv32_bus_io_switch,dev_18_req_o.amoop,ports,assigned (whole-record target),not assigned,none,,,undriven,driven,,ORIGINATES,2@635,DERIVES_FROM dev_req @2,0,no
tuning,neorv32_bus,neorv32_bus_io_switch,dev_18_req_o.lock,ports,assigned (whole-record target),not assigned,none,,,undriven,driven,,ORIGINATES,2@635,DERIVES_FROM dev_req @2,0,no
tuning,neorv32_bus,neorv32_bus_io_switch,dev_18_req_o.fence,ports,assigned (whole-record target),not assigned,none,,,undriven,driven,,ORIGINATES,2@635,DERIVES_FROM dev_req @2,0,no
tuning,neorv32_bus,neorv32_bus_io_switch,dev_19_req_o.addr,ports,assigned (whole-record target),not assigned,none,,,undriven,driven,,ORIGINATES,2@636,DERIVES_FROM dev_req @2,0,no
tuning,neorv32_bus,neorv32_bus_io_switch,dev_19_req_o.data,ports,assigned (whole-record target),not assigned,none,,,undriven,driven,,ORIGINATES,2@636,DERIVES_FROM dev_req @2,0,no
tuning,neorv32_bus,neorv32_bus_io_switch,dev_19_req_o.ben,ports,assigned (whole-record target),not assigned,none,,,undriven,driven,,ORIGINATES,2@636,DERIVES_FROM dev_req @2,0,no
tuning,neorv32_bus,neorv32_bus_io_switch,dev_19_req_o.stb,ports,assigned (whole-record target),not assigned,none,,,undriven,driven,,ORIGINATES,2@636,DERIVES_FROM dev_req @2,0,no
tuning,neorv32_bus,neorv32_bus_io_switch,dev_19_req_o.rw,ports,assigned (whole-record target),not assigned,none,,,undriven,driven,,ORIGINATES,2@636,DERIVES_FROM dev_req @2,0,no
tuning,neorv32_bus,neorv32_bus_io_switch,dev_19_req_o.src,ports,assigned (whole-record target),not assigned,none,,,undriven,driven,,ORIGINATES,2@636,DERIVES_FROM dev_req @2,0,no
tuning,neorv32_bus,neorv32_bus_io_switch,dev_19_req_o.priv,ports,assigned (whole-record target),not assigned,none,,,undriven,driven,,ORIGINATES,2@636,DERIVES_FROM dev_req @2,0,no
tuning,neorv32_bus,neorv32_bus_io_switch,dev_19_req_o.debug,ports,assigned (whole-record target),not assigned,none,,,undriven,driven,,ORIGINATES,2@636,DERIVES_FROM dev_req @2,0,no
tuning,neorv32_bus,neorv32_bus_io_switch,dev_19_req_o.amo,ports,assigned (whole-record target),not assigned,none,,,undriven,driven,,ORIGINATES,2@636,DERIVES_FROM dev_req @2,0,no
tuning,neorv32_bus,neorv32_bus_io_switch,dev_19_req_o.amoop,ports,assigned (whole-record target),not assigned,none,,,undriven,driven,,ORIGINATES,2@636,DERIVES_FROM dev_req @2,0,no
tuning,neorv32_bus,neorv32_bus_io_switch,dev_19_req_o.lock,ports,assigned (whole-record target),not assigned,none,,,undriven,driven,,ORIGINATES,2@636,DERIVES_FROM dev_req @2,0,no
tuning,neorv32_bus,neorv32_bus_io_switch,dev_19_req_o.fence,ports,assigned (whole-record target),not assigned,none,,,undriven,driven,,ORIGINATES,2@636,DERIVES_FROM dev_req @2,0,no
tuning,neorv32_bus,neorv32_bus_io_switch,dev_20_req_o.addr,ports,assigned (whole-record target),not assigned,none,,,undriven,driven,,ORIGINATES,2@637,DERIVES_FROM dev_req @2,0,no
tuning,neorv32_bus,neorv32_bus_io_switch,dev_20_req_o.data,ports,assigned (whole-record target),not assigned,none,,,undriven,driven,,ORIGINATES,2@637,DERIVES_FROM dev_req @2,0,no
tuning,neorv32_bus,neorv32_bus_io_switch,dev_20_req_o.ben,ports,assigned (whole-record target),not assigned,none,,,undriven,driven,,ORIGINATES,2@637,DERIVES_FROM dev_req @2,0,no
tuning,neorv32_bus,neorv32_bus_io_switch,dev_20_req_o.stb,ports,assigned (whole-record target),not assigned,none,,,undriven,driven,,ORIGINATES,2@637,DERIVES_FROM dev_req @2,0,no
tuning,neorv32_bus,neorv32_bus_io_switch,dev_20_req_o.rw,ports,assigned (whole-record target),not assigned,none,,,undriven,driven,,ORIGINATES,2@637,DERIVES_FROM dev_req @2,0,no
tuning,neorv32_bus,neorv32_bus_io_switch,dev_20_req_o.src,ports,assigned (whole-record target),not assigned,none,,,undriven,driven,,ORIGINATES,2@637,DERIVES_FROM dev_req @2,0,no
tuning,neorv32_bus,neorv32_bus_io_switch,dev_20_req_o.priv,ports,assigned (whole-record target),not assigned,none,,,undriven,driven,,ORIGINATES,2@637,DERIVES_FROM dev_req @2,0,no
tuning,neorv32_bus,neorv32_bus_io_switch,dev_20_req_o.debug,ports,assigned (whole-record target),not assigned,none,,,undriven,driven,,ORIGINATES,2@637,DERIVES_FROM dev_req @2,0,no
tuning,neorv32_bus,neorv32_bus_io_switch,dev_20_req_o.amo,ports,assigned (whole-record target),not assigned,none,,,undriven,driven,,ORIGINATES,2@637,DERIVES_FROM dev_req @2,0,no
tuning,neorv32_bus,neorv32_bus_io_switch,dev_20_req_o.amoop,ports,assigned (whole-record target),not assigned,none,,,undriven,driven,,ORIGINATES,2@637,DERIVES_FROM dev_req @2,0,no
tuning,neorv32_bus,neorv32_bus_io_switch,dev_20_req_o.lock,ports,assigned (whole-record target),not assigned,none,,,undriven,driven,,ORIGINATES,2@637,DERIVES_FROM dev_req @2,0,no
tuning,neorv32_bus,neorv32_bus_io_switch,dev_20_req_o.fence,ports,assigned (whole-record target),not assigned,none,,,undriven,driven,,ORIGINATES,2@637,DERIVES_FROM dev_req @2,0,no
tuning,neorv32_bus,neorv32_bus_io_switch,dev_21_req_o.addr,ports,assigned (whole-record target),not assigned,none,,,undriven,driven,,ORIGINATES,2@638,DERIVES_FROM dev_req @2,0,no
tuning,neorv32_bus,neorv32_bus_io_switch,dev_21_req_o.data,ports,assigned (whole-record target),not assigned,none,,,undriven,driven,,ORIGINATES,2@638,DERIVES_FROM dev_req @2,0,no
tuning,neorv32_bus,neorv32_bus_io_switch,dev_21_req_o.ben,ports,assigned (whole-record target),not assigned,none,,,undriven,driven,,ORIGINATES,2@638,DERIVES_FROM dev_req @2,0,no
tuning,neorv32_bus,neorv32_bus_io_switch,dev_21_req_o.stb,ports,assigned (whole-record target),not assigned,none,,,undriven,driven,,ORIGINATES,2@638,DERIVES_FROM dev_req @2,0,no
tuning,neorv32_bus,neorv32_bus_io_switch,dev_21_req_o.rw,ports,assigned (whole-record target),not assigned,none,,,undriven,driven,,ORIGINATES,2@638,DERIVES_FROM dev_req @2,0,no
tuning,neorv32_bus,neorv32_bus_io_switch,dev_21_req_o.src,ports,assigned (whole-record target),not assigned,none,,,undriven,driven,,ORIGINATES,2@638,DERIVES_FROM dev_req @2,0,no
tuning,neorv32_bus,neorv32_bus_io_switch,dev_21_req_o.priv,ports,assigned (whole-record target),not assigned,none,,,undriven,driven,,ORIGINATES,2@638,DERIVES_FROM dev_req @2,0,no
tuning,neorv32_bus,neorv32_bus_io_switch,dev_21_req_o.debug,ports,assigned (whole-record target),not assigned,none,,,undriven,driven,,ORIGINATES,2@638,DERIVES_FROM dev_req @2,0,no
tuning,neorv32_bus,neorv32_bus_io_switch,dev_21_req_o.amo,ports,assigned (whole-record target),not assigned,none,,,undriven,driven,,ORIGINATES,2@638,DERIVES_FROM dev_req @2,0,no
tuning,neorv32_bus,neorv32_bus_io_switch,dev_21_req_o.amoop,ports,assigned (whole-record target),not assigned,none,,,undriven,driven,,ORIGINATES,2@638,DERIVES_FROM dev_req @2,0,no
tuning,neorv32_bus,neorv32_bus_io_switch,dev_21_req_o.lock,ports,assigned (whole-record target),not assigned,none,,,undriven,driven,,ORIGINATES,2@638,DERIVES_FROM dev_req @2,0,no
tuning,neorv32_bus,neorv32_bus_io_switch,dev_21_req_o.fence,ports,assigned (whole-record target),not assigned,none,,,undriven,driven,,ORIGINATES,2@638,DERIVES_FROM dev_req @2,0,no
tuning,neorv32_bus,neorv32_bus_io_switch,dev_22_req_o.addr,ports,assigned (whole-record target),not assigned,none,,,undriven,driven,,ORIGINATES,2@639,DERIVES_FROM dev_req @2,0,no
tuning,neorv32_bus,neorv32_bus_io_switch,dev_22_req_o.data,ports,assigned (whole-record target),not assigned,none,,,undriven,driven,,ORIGINATES,2@639,DERIVES_FROM dev_req @2,0,no
tuning,neorv32_bus,neorv32_bus_io_switch,dev_22_req_o.ben,ports,assigned (whole-record target),not assigned,none,,,undriven,driven,,ORIGINATES,2@639,DERIVES_FROM dev_req @2,0,no
tuning,neorv32_bus,neorv32_bus_io_switch,dev_22_req_o.stb,ports,assigned (whole-record target),not assigned,none,,,undriven,driven,,ORIGINATES,2@639,DERIVES_FROM dev_req @2,0,no
tuning,neorv32_bus,neorv32_bus_io_switch,dev_22_req_o.rw,ports,assigned (whole-record target),not assigned,none,,,undriven,driven,,ORIGINATES,2@639,DERIVES_FROM dev_req @2,0,no
tuning,neorv32_bus,neorv32_bus_io_switch,dev_22_req_o.src,ports,assigned (whole-record target),not assigned,none,,,undriven,driven,,ORIGINATES,2@639,DERIVES_FROM dev_req @2,0,no
tuning,neorv32_bus,neorv32_bus_io_switch,dev_22_req_o.priv,ports,assigned (whole-record target),not assigned,none,,,undriven,driven,,ORIGINATES,2@639,DERIVES_FROM dev_req @2,0,no
tuning,neorv32_bus,neorv32_bus_io_switch,dev_22_req_o.debug,ports,assigned (whole-record target),not assigned,none,,,undriven,driven,,ORIGINATES,2@639,DERIVES_FROM dev_req @2,0,no
tuning,neorv32_bus,neorv32_bus_io_switch,dev_22_req_o.amo,ports,assigned (whole-record target),not assigned,none,,,undriven,driven,,ORIGINATES,2@639,DERIVES_FROM dev_req @2,0,no
tuning,neorv32_bus,neorv32_bus_io_switch,dev_22_req_o.amoop,ports,assigned (whole-record target),not assigned,none,,,undriven,driven,,ORIGINATES,2@639,DERIVES_FROM dev_req @2,0,no
tuning,neorv32_bus,neorv32_bus_io_switch,dev_22_req_o.lock,ports,assigned (whole-record target),not assigned,none,,,undriven,driven,,ORIGINATES,2@639,DERIVES_FROM dev_req @2,0,no
tuning,neorv32_bus,neorv32_bus_io_switch,dev_22_req_o.fence,ports,assigned (whole-record target),not assigned,none,,,undriven,driven,,ORIGINATES,2@639,DERIVES_FROM dev_req @2,0,no
tuning,neorv32_bus,neorv32_bus_io_switch,dev_23_req_o.addr,ports,assigned (whole-record target),not assigned,none,,,undriven,driven,,ORIGINATES,2@640,DERIVES_FROM dev_req @2,0,no
tuning,neorv32_bus,neorv32_bus_io_switch,dev_23_req_o.data,ports,assigned (whole-record target),not assigned,none,,,undriven,driven,,ORIGINATES,2@640,DERIVES_FROM dev_req @2,0,no
tuning,neorv32_bus,neorv32_bus_io_switch,dev_23_req_o.ben,ports,assigned (whole-record target),not assigned,none,,,undriven,driven,,ORIGINATES,2@640,DERIVES_FROM dev_req @2,0,no
tuning,neorv32_bus,neorv32_bus_io_switch,dev_23_req_o.stb,ports,assigned (whole-record target),not assigned,none,,,undriven,driven,,ORIGINATES,2@640,DERIVES_FROM dev_req @2,0,no
tuning,neorv32_bus,neorv32_bus_io_switch,dev_23_req_o.rw,ports,assigned (whole-record target),not assigned,none,,,undriven,driven,,ORIGINATES,2@640,DERIVES_FROM dev_req @2,0,no
tuning,neorv32_bus,neorv32_bus_io_switch,dev_23_req_o.src,ports,assigned (whole-record target),not assigned,none,,,undriven,driven,,ORIGINATES,2@640,DERIVES_FROM dev_req @2,0,no
tuning,neorv32_bus,neorv32_bus_io_switch,dev_23_req_o.priv,ports,assigned (whole-record target),not assigned,none,,,undriven,driven,,ORIGINATES,2@640,DERIVES_FROM dev_req @2,0,no
tuning,neorv32_bus,neorv32_bus_io_switch,dev_23_req_o.debug,ports,assigned (whole-record target),not assigned,none,,,undriven,driven,,ORIGINATES,2@640,DERIVES_FROM dev_req @2,0,no
tuning,neorv32_bus,neorv32_bus_io_switch,dev_23_req_o.amo,ports,assigned (whole-record target),not assigned,none,,,undriven,driven,,ORIGINATES,2@640,DERIVES_FROM dev_req @2,0,no
tuning,neorv32_bus,neorv32_bus_io_switch,dev_23_req_o.amoop,ports,assigned (whole-record target),not assigned,none,,,undriven,driven,,ORIGINATES,2@640,DERIVES_FROM dev_req @2,0,no
tuning,neorv32_bus,neorv32_bus_io_switch,dev_23_req_o.lock,ports,assigned (whole-record target),not assigned,none,,,undriven,driven,,ORIGINATES,2@640,DERIVES_FROM dev_req @2,0,no
tuning,neorv32_bus,neorv32_bus_io_switch,dev_23_req_o.fence,ports,assigned (whole-record target),not assigned,none,,,undriven,driven,,ORIGINATES,2@640,DERIVES_FROM dev_req @2,0,no
tuning,neorv32_bus,neorv32_bus_io_switch,dev_24_req_o.addr,ports,assigned (whole-record target),not assigned,none,,,undriven,driven,,ORIGINATES,2@641,DERIVES_FROM dev_req @2,0,no
tuning,neorv32_bus,neorv32_bus_io_switch,dev_24_req_o.data,ports,assigned (whole-record target),not assigned,none,,,undriven,driven,,ORIGINATES,2@641,DERIVES_FROM dev_req @2,0,no
tuning,neorv32_bus,neorv32_bus_io_switch,dev_24_req_o.ben,ports,assigned (whole-record target),not assigned,none,,,undriven,driven,,ORIGINATES,2@641,DERIVES_FROM dev_req @2,0,no
tuning,neorv32_bus,neorv32_bus_io_switch,dev_24_req_o.stb,ports,assigned (whole-record target),not assigned,none,,,undriven,driven,,ORIGINATES,2@641,DERIVES_FROM dev_req @2,0,no
tuning,neorv32_bus,neorv32_bus_io_switch,dev_24_req_o.rw,ports,assigned (whole-record target),not assigned,none,,,undriven,driven,,ORIGINATES,2@641,DERIVES_FROM dev_req @2,0,no
tuning,neorv32_bus,neorv32_bus_io_switch,dev_24_req_o.src,ports,assigned (whole-record target),not assigned,none,,,undriven,driven,,ORIGINATES,2@641,DERIVES_FROM dev_req @2,0,no
tuning,neorv32_bus,neorv32_bus_io_switch,dev_24_req_o.priv,ports,assigned (whole-record target),not assigned,none,,,undriven,driven,,ORIGINATES,2@641,DERIVES_FROM dev_req @2,0,no
tuning,neorv32_bus,neorv32_bus_io_switch,dev_24_req_o.debug,ports,assigned (whole-record target),not assigned,none,,,undriven,driven,,ORIGINATES,2@641,DERIVES_FROM dev_req @2,0,no
tuning,neorv32_bus,neorv32_bus_io_switch,dev_24_req_o.amo,ports,assigned (whole-record target),not assigned,none,,,undriven,driven,,ORIGINATES,2@641,DERIVES_FROM dev_req @2,0,no
tuning,neorv32_bus,neorv32_bus_io_switch,dev_24_req_o.amoop,ports,assigned (whole-record target),not assigned,none,,,undriven,driven,,ORIGINATES,2@641,DERIVES_FROM dev_req @2,0,no
tuning,neorv32_bus,neorv32_bus_io_switch,dev_24_req_o.lock,ports,assigned (whole-record target),not assigned,none,,,undriven,driven,,ORIGINATES,2@641,DERIVES_FROM dev_req @2,0,no
tuning,neorv32_bus,neorv32_bus_io_switch,dev_24_req_o.fence,ports,assigned (whole-record target),not assigned,none,,,undriven,driven,,ORIGINATES,2@641,DERIVES_FROM dev_req @2,0,no
tuning,neorv32_bus,neorv32_bus_io_switch,dev_25_req_o.addr,ports,assigned (whole-record target),not assigned,none,,,undriven,driven,,ORIGINATES,2@642,DERIVES_FROM dev_req @2,0,no
tuning,neorv32_bus,neorv32_bus_io_switch,dev_25_req_o.data,ports,assigned (whole-record target),not assigned,none,,,undriven,driven,,ORIGINATES,2@642,DERIVES_FROM dev_req @2,0,no
tuning,neorv32_bus,neorv32_bus_io_switch,dev_25_req_o.ben,ports,assigned (whole-record target),not assigned,none,,,undriven,driven,,ORIGINATES,2@642,DERIVES_FROM dev_req @2,0,no
tuning,neorv32_bus,neorv32_bus_io_switch,dev_25_req_o.stb,ports,assigned (whole-record target),not assigned,none,,,undriven,driven,,ORIGINATES,2@642,DERIVES_FROM dev_req @2,0,no
tuning,neorv32_bus,neorv32_bus_io_switch,dev_25_req_o.rw,ports,assigned (whole-record target),not assigned,none,,,undriven,driven,,ORIGINATES,2@642,DERIVES_FROM dev_req @2,0,no
tuning,neorv32_bus,neorv32_bus_io_switch,dev_25_req_o.src,ports,assigned (whole-record target),not assigned,none,,,undriven,driven,,ORIGINATES,2@642,DERIVES_FROM dev_req @2,0,no
tuning,neorv32_bus,neorv32_bus_io_switch,dev_25_req_o.priv,ports,assigned (whole-record target),not assigned,none,,,undriven,driven,,ORIGINATES,2@642,DERIVES_FROM dev_req @2,0,no
tuning,neorv32_bus,neorv32_bus_io_switch,dev_25_req_o.debug,ports,assigned (whole-record target),not assigned,none,,,undriven,driven,,ORIGINATES,2@642,DERIVES_FROM dev_req @2,0,no
tuning,neorv32_bus,neorv32_bus_io_switch,dev_25_req_o.amo,ports,assigned (whole-record target),not assigned,none,,,undriven,driven,,ORIGINATES,2@642,DERIVES_FROM dev_req @2,0,no
tuning,neorv32_bus,neorv32_bus_io_switch,dev_25_req_o.amoop,ports,assigned (whole-record target),not assigned,none,,,undriven,driven,,ORIGINATES,2@642,DERIVES_FROM dev_req @2,0,no
tuning,neorv32_bus,neorv32_bus_io_switch,dev_25_req_o.lock,ports,assigned (whole-record target),not assigned,none,,,undriven,driven,,ORIGINATES,2@642,DERIVES_FROM dev_req @2,0,no
tuning,neorv32_bus,neorv32_bus_io_switch,dev_25_req_o.fence,ports,assigned (whole-record target),not assigned,none,,,undriven,driven,,ORIGINATES,2@642,DERIVES_FROM dev_req @2,0,no
tuning,neorv32_bus,neorv32_bus_io_switch,dev_26_req_o.addr,ports,assigned (whole-record target),not assigned,none,,,undriven,driven,,ORIGINATES,2@643,DERIVES_FROM dev_req @2,0,no
tuning,neorv32_bus,neorv32_bus_io_switch,dev_26_req_o.data,ports,assigned (whole-record target),not assigned,none,,,undriven,driven,,ORIGINATES,2@643,DERIVES_FROM dev_req @2,0,no
tuning,neorv32_bus,neorv32_bus_io_switch,dev_26_req_o.ben,ports,assigned (whole-record target),not assigned,none,,,undriven,driven,,ORIGINATES,2@643,DERIVES_FROM dev_req @2,0,no
tuning,neorv32_bus,neorv32_bus_io_switch,dev_26_req_o.stb,ports,assigned (whole-record target),not assigned,none,,,undriven,driven,,ORIGINATES,2@643,DERIVES_FROM dev_req @2,0,no
tuning,neorv32_bus,neorv32_bus_io_switch,dev_26_req_o.rw,ports,assigned (whole-record target),not assigned,none,,,undriven,driven,,ORIGINATES,2@643,DERIVES_FROM dev_req @2,0,no
tuning,neorv32_bus,neorv32_bus_io_switch,dev_26_req_o.src,ports,assigned (whole-record target),not assigned,none,,,undriven,driven,,ORIGINATES,2@643,DERIVES_FROM dev_req @2,0,no
tuning,neorv32_bus,neorv32_bus_io_switch,dev_26_req_o.priv,ports,assigned (whole-record target),not assigned,none,,,undriven,driven,,ORIGINATES,2@643,DERIVES_FROM dev_req @2,0,no
tuning,neorv32_bus,neorv32_bus_io_switch,dev_26_req_o.debug,ports,assigned (whole-record target),not assigned,none,,,undriven,driven,,ORIGINATES,2@643,DERIVES_FROM dev_req @2,0,no
tuning,neorv32_bus,neorv32_bus_io_switch,dev_26_req_o.amo,ports,assigned (whole-record target),not assigned,none,,,undriven,driven,,ORIGINATES,2@643,DERIVES_FROM dev_req @2,0,no
tuning,neorv32_bus,neorv32_bus_io_switch,dev_26_req_o.amoop,ports,assigned (whole-record target),not assigned,none,,,undriven,driven,,ORIGINATES,2@643,DERIVES_FROM dev_req @2,0,no
tuning,neorv32_bus,neorv32_bus_io_switch,dev_26_req_o.lock,ports,assigned (whole-record target),not assigned,none,,,undriven,driven,,ORIGINATES,2@643,DERIVES_FROM dev_req @2,0,no
tuning,neorv32_bus,neorv32_bus_io_switch,dev_26_req_o.fence,ports,assigned (whole-record target),not assigned,none,,,undriven,driven,,ORIGINATES,2@643,DERIVES_FROM dev_req @2,0,no
tuning,neorv32_bus,neorv32_bus_io_switch,dev_27_req_o.addr,ports,assigned (whole-record target),not assigned,none,,,undriven,driven,,ORIGINATES,2@644,DERIVES_FROM dev_req @2,0,no
tuning,neorv32_bus,neorv32_bus_io_switch,dev_27_req_o.data,ports,assigned (whole-record target),not assigned,none,,,undriven,driven,,ORIGINATES,2@644,DERIVES_FROM dev_req @2,0,no
tuning,neorv32_bus,neorv32_bus_io_switch,dev_27_req_o.ben,ports,assigned (whole-record target),not assigned,none,,,undriven,driven,,ORIGINATES,2@644,DERIVES_FROM dev_req @2,0,no
tuning,neorv32_bus,neorv32_bus_io_switch,dev_27_req_o.stb,ports,assigned (whole-record target),not assigned,none,,,undriven,driven,,ORIGINATES,2@644,DERIVES_FROM dev_req @2,0,no
tuning,neorv32_bus,neorv32_bus_io_switch,dev_27_req_o.rw,ports,assigned (whole-record target),not assigned,none,,,undriven,driven,,ORIGINATES,2@644,DERIVES_FROM dev_req @2,0,no
tuning,neorv32_bus,neorv32_bus_io_switch,dev_27_req_o.src,ports,assigned (whole-record target),not assigned,none,,,undriven,driven,,ORIGINATES,2@644,DERIVES_FROM dev_req @2,0,no
tuning,neorv32_bus,neorv32_bus_io_switch,dev_27_req_o.priv,ports,assigned (whole-record target),not assigned,none,,,undriven,driven,,ORIGINATES,2@644,DERIVES_FROM dev_req @2,0,no
tuning,neorv32_bus,neorv32_bus_io_switch,dev_27_req_o.debug,ports,assigned (whole-record target),not assigned,none,,,undriven,driven,,ORIGINATES,2@644,DERIVES_FROM dev_req @2,0,no
tuning,neorv32_bus,neorv32_bus_io_switch,dev_27_req_o.amo,ports,assigned (whole-record target),not assigned,none,,,undriven,driven,,ORIGINATES,2@644,DERIVES_FROM dev_req @2,0,no
tuning,neorv32_bus,neorv32_bus_io_switch,dev_27_req_o.amoop,ports,assigned (whole-record target),not assigned,none,,,undriven,driven,,ORIGINATES,2@644,DERIVES_FROM dev_req @2,0,no
tuning,neorv32_bus,neorv32_bus_io_switch,dev_27_req_o.lock,ports,assigned (whole-record target),not assigned,none,,,undriven,driven,,ORIGINATES,2@644,DERIVES_FROM dev_req @2,0,no
tuning,neorv32_bus,neorv32_bus_io_switch,dev_27_req_o.fence,ports,assigned (whole-record target),not assigned,none,,,undriven,driven,,ORIGINATES,2@644,DERIVES_FROM dev_req @2,0,no
tuning,neorv32_bus,neorv32_bus_io_switch,dev_28_req_o.addr,ports,assigned (whole-record target),not assigned,none,,,undriven,driven,,ORIGINATES,2@645,DERIVES_FROM dev_req @2,0,no
tuning,neorv32_bus,neorv32_bus_io_switch,dev_28_req_o.data,ports,assigned (whole-record target),not assigned,none,,,undriven,driven,,ORIGINATES,2@645,DERIVES_FROM dev_req @2,0,no
tuning,neorv32_bus,neorv32_bus_io_switch,dev_28_req_o.ben,ports,assigned (whole-record target),not assigned,none,,,undriven,driven,,ORIGINATES,2@645,DERIVES_FROM dev_req @2,0,no
tuning,neorv32_bus,neorv32_bus_io_switch,dev_28_req_o.stb,ports,assigned (whole-record target),not assigned,none,,,undriven,driven,,ORIGINATES,2@645,DERIVES_FROM dev_req @2,0,no
tuning,neorv32_bus,neorv32_bus_io_switch,dev_28_req_o.rw,ports,assigned (whole-record target),not assigned,none,,,undriven,driven,,ORIGINATES,2@645,DERIVES_FROM dev_req @2,0,no
tuning,neorv32_bus,neorv32_bus_io_switch,dev_28_req_o.src,ports,assigned (whole-record target),not assigned,none,,,undriven,driven,,ORIGINATES,2@645,DERIVES_FROM dev_req @2,0,no
tuning,neorv32_bus,neorv32_bus_io_switch,dev_28_req_o.priv,ports,assigned (whole-record target),not assigned,none,,,undriven,driven,,ORIGINATES,2@645,DERIVES_FROM dev_req @2,0,no
tuning,neorv32_bus,neorv32_bus_io_switch,dev_28_req_o.debug,ports,assigned (whole-record target),not assigned,none,,,undriven,driven,,ORIGINATES,2@645,DERIVES_FROM dev_req @2,0,no
tuning,neorv32_bus,neorv32_bus_io_switch,dev_28_req_o.amo,ports,assigned (whole-record target),not assigned,none,,,undriven,driven,,ORIGINATES,2@645,DERIVES_FROM dev_req @2,0,no
tuning,neorv32_bus,neorv32_bus_io_switch,dev_28_req_o.amoop,ports,assigned (whole-record target),not assigned,none,,,undriven,driven,,ORIGINATES,2@645,DERIVES_FROM dev_req @2,0,no
tuning,neorv32_bus,neorv32_bus_io_switch,dev_28_req_o.lock,ports,assigned (whole-record target),not assigned,none,,,undriven,driven,,ORIGINATES,2@645,DERIVES_FROM dev_req @2,0,no
tuning,neorv32_bus,neorv32_bus_io_switch,dev_28_req_o.fence,ports,assigned (whole-record target),not assigned,none,,,undriven,driven,,ORIGINATES,2@645,DERIVES_FROM dev_req @2,0,no
tuning,neorv32_bus,neorv32_bus_io_switch,dev_29_req_o.addr,ports,assigned (whole-record target),not assigned,none,,,undriven,driven,,ORIGINATES,2@646,DERIVES_FROM dev_req @2,0,no
tuning,neorv32_bus,neorv32_bus_io_switch,dev_29_req_o.data,ports,assigned (whole-record target),not assigned,none,,,undriven,driven,,ORIGINATES,2@646,DERIVES_FROM dev_req @2,0,no
tuning,neorv32_bus,neorv32_bus_io_switch,dev_29_req_o.ben,ports,assigned (whole-record target),not assigned,none,,,undriven,driven,,ORIGINATES,2@646,DERIVES_FROM dev_req @2,0,no
tuning,neorv32_bus,neorv32_bus_io_switch,dev_29_req_o.stb,ports,assigned (whole-record target),not assigned,none,,,undriven,driven,,ORIGINATES,2@646,DERIVES_FROM dev_req @2,0,no
tuning,neorv32_bus,neorv32_bus_io_switch,dev_29_req_o.rw,ports,assigned (whole-record target),not assigned,none,,,undriven,driven,,ORIGINATES,2@646,DERIVES_FROM dev_req @2,0,no
tuning,neorv32_bus,neorv32_bus_io_switch,dev_29_req_o.src,ports,assigned (whole-record target),not assigned,none,,,undriven,driven,,ORIGINATES,2@646,DERIVES_FROM dev_req @2,0,no
tuning,neorv32_bus,neorv32_bus_io_switch,dev_29_req_o.priv,ports,assigned (whole-record target),not assigned,none,,,undriven,driven,,ORIGINATES,2@646,DERIVES_FROM dev_req @2,0,no
tuning,neorv32_bus,neorv32_bus_io_switch,dev_29_req_o.debug,ports,assigned (whole-record target),not assigned,none,,,undriven,driven,,ORIGINATES,2@646,DERIVES_FROM dev_req @2,0,no
tuning,neorv32_bus,neorv32_bus_io_switch,dev_29_req_o.amo,ports,assigned (whole-record target),not assigned,none,,,undriven,driven,,ORIGINATES,2@646,DERIVES_FROM dev_req @2,0,no
tuning,neorv32_bus,neorv32_bus_io_switch,dev_29_req_o.amoop,ports,assigned (whole-record target),not assigned,none,,,undriven,driven,,ORIGINATES,2@646,DERIVES_FROM dev_req @2,0,no
tuning,neorv32_bus,neorv32_bus_io_switch,dev_29_req_o.lock,ports,assigned (whole-record target),not assigned,none,,,undriven,driven,,ORIGINATES,2@646,DERIVES_FROM dev_req @2,0,no
tuning,neorv32_bus,neorv32_bus_io_switch,dev_29_req_o.fence,ports,assigned (whole-record target),not assigned,none,,,undriven,driven,,ORIGINATES,2@646,DERIVES_FROM dev_req @2,0,no
tuning,neorv32_bus,neorv32_bus_io_switch,dev_30_req_o.addr,ports,assigned (whole-record target),not assigned,none,,,undriven,driven,,ORIGINATES,2@647,DERIVES_FROM dev_req @2,0,no
tuning,neorv32_bus,neorv32_bus_io_switch,dev_30_req_o.data,ports,assigned (whole-record target),not assigned,none,,,undriven,driven,,ORIGINATES,2@647,DERIVES_FROM dev_req @2,0,no
tuning,neorv32_bus,neorv32_bus_io_switch,dev_30_req_o.ben,ports,assigned (whole-record target),not assigned,none,,,undriven,driven,,ORIGINATES,2@647,DERIVES_FROM dev_req @2,0,no
tuning,neorv32_bus,neorv32_bus_io_switch,dev_30_req_o.stb,ports,assigned (whole-record target),not assigned,none,,,undriven,driven,,ORIGINATES,2@647,DERIVES_FROM dev_req @2,0,no
tuning,neorv32_bus,neorv32_bus_io_switch,dev_30_req_o.rw,ports,assigned (whole-record target),not assigned,none,,,undriven,driven,,ORIGINATES,2@647,DERIVES_FROM dev_req @2,0,no
tuning,neorv32_bus,neorv32_bus_io_switch,dev_30_req_o.src,ports,assigned (whole-record target),not assigned,none,,,undriven,driven,,ORIGINATES,2@647,DERIVES_FROM dev_req @2,0,no
tuning,neorv32_bus,neorv32_bus_io_switch,dev_30_req_o.priv,ports,assigned (whole-record target),not assigned,none,,,undriven,driven,,ORIGINATES,2@647,DERIVES_FROM dev_req @2,0,no
tuning,neorv32_bus,neorv32_bus_io_switch,dev_30_req_o.debug,ports,assigned (whole-record target),not assigned,none,,,undriven,driven,,ORIGINATES,2@647,DERIVES_FROM dev_req @2,0,no
tuning,neorv32_bus,neorv32_bus_io_switch,dev_30_req_o.amo,ports,assigned (whole-record target),not assigned,none,,,undriven,driven,,ORIGINATES,2@647,DERIVES_FROM dev_req @2,0,no
tuning,neorv32_bus,neorv32_bus_io_switch,dev_30_req_o.amoop,ports,assigned (whole-record target),not assigned,none,,,undriven,driven,,ORIGINATES,2@647,DERIVES_FROM dev_req @2,0,no
tuning,neorv32_bus,neorv32_bus_io_switch,dev_30_req_o.lock,ports,assigned (whole-record target),not assigned,none,,,undriven,driven,,ORIGINATES,2@647,DERIVES_FROM dev_req @2,0,no
tuning,neorv32_bus,neorv32_bus_io_switch,dev_30_req_o.fence,ports,assigned (whole-record target),not assigned,none,,,undriven,driven,,ORIGINATES,2@647,DERIVES_FROM dev_req @2,0,no
tuning,neorv32_bus,neorv32_bus_io_switch,dev_31_req_o.addr,ports,assigned (whole-record target),not assigned,none,,,undriven,driven,,ORIGINATES,2@648,DERIVES_FROM dev_req @2,0,no
tuning,neorv32_bus,neorv32_bus_io_switch,dev_31_req_o.data,ports,assigned (whole-record target),not assigned,none,,,undriven,driven,,ORIGINATES,2@648,DERIVES_FROM dev_req @2,0,no
tuning,neorv32_bus,neorv32_bus_io_switch,dev_31_req_o.ben,ports,assigned (whole-record target),not assigned,none,,,undriven,driven,,ORIGINATES,2@648,DERIVES_FROM dev_req @2,0,no
tuning,neorv32_bus,neorv32_bus_io_switch,dev_31_req_o.stb,ports,assigned (whole-record target),not assigned,none,,,undriven,driven,,ORIGINATES,2@648,DERIVES_FROM dev_req @2,0,no
tuning,neorv32_bus,neorv32_bus_io_switch,dev_31_req_o.rw,ports,assigned (whole-record target),not assigned,none,,,undriven,driven,,ORIGINATES,2@648,DERIVES_FROM dev_req @2,0,no
tuning,neorv32_bus,neorv32_bus_io_switch,dev_31_req_o.src,ports,assigned (whole-record target),not assigned,none,,,undriven,driven,,ORIGINATES,2@648,DERIVES_FROM dev_req @2,0,no
tuning,neorv32_bus,neorv32_bus_io_switch,dev_31_req_o.priv,ports,assigned (whole-record target),not assigned,none,,,undriven,driven,,ORIGINATES,2@648,DERIVES_FROM dev_req @2,0,no
tuning,neorv32_bus,neorv32_bus_io_switch,dev_31_req_o.debug,ports,assigned (whole-record target),not assigned,none,,,undriven,driven,,ORIGINATES,2@648,DERIVES_FROM dev_req @2,0,no
tuning,neorv32_bus,neorv32_bus_io_switch,dev_31_req_o.amo,ports,assigned (whole-record target),not assigned,none,,,undriven,driven,,ORIGINATES,2@648,DERIVES_FROM dev_req @2,0,no
tuning,neorv32_bus,neorv32_bus_io_switch,dev_31_req_o.amoop,ports,assigned (whole-record target),not assigned,none,,,undriven,driven,,ORIGINATES,2@648,DERIVES_FROM dev_req @2,0,no
tuning,neorv32_bus,neorv32_bus_io_switch,dev_31_req_o.lock,ports,assigned (whole-record target),not assigned,none,,,undriven,driven,,ORIGINATES,2@648,DERIVES_FROM dev_req @2,0,no
tuning,neorv32_bus,neorv32_bus_io_switch,dev_31_req_o.fence,ports,assigned (whole-record target),not assigned,none,,,undriven,driven,,ORIGINATES,2@648,DERIVES_FROM dev_req @2,0,no
tuning,neorv32_bus,neorv32_bus_amo_rmw,clk_i,ports,far end only (gains a driving record),,,,,,,,,,SEQUENCES arbiter.cmd @3; SEQUENCES arbiter.rdata @3; SEQUENCES arbiter.state @3; SEQUENCES arbiter.wdata @3,0,yes
tuning,neorv32_bus,neorv32_bus_amo_rvs,core_req_i.addr,ports,read (whole-record value),,,,,,,,,2@942,CARRIES sys_req_o.addr @2,0,no
tuning,neorv32_bus,neorv32_bus_amo_rvs,core_req_i.data,ports,read (whole-record value),,,,,,,,,2@942,CARRIES sys_req_o.data @2,0,no
tuning,neorv32_bus,neorv32_bus_amo_rvs,core_req_i.ben,ports,read (whole-record value),,,,,,,,,2@942,CARRIES sys_req_o.ben @2,0,no
tuning,neorv32_bus,neorv32_bus_amo_rvs,core_req_i.stb,ports,read (whole-record value),,,,,,,,,7@942,CARRIES sys_req_o.stb @7,0,no
tuning,neorv32_bus,neorv32_bus_amo_rvs,core_req_i.rw,ports,read (whole-record value),,,,,,,,,6@942,CARRIES sys_req_o.rw @6,0,no
tuning,neorv32_bus,neorv32_bus_amo_rvs,core_req_i.src,ports,read (whole-record value),,,,,,,,,2@942,CARRIES sys_req_o.src @2,0,no
tuning,neorv32_bus,neorv32_bus_amo_rvs,core_req_i.priv,ports,read (whole-record value),,,,,,,,,2@942,CARRIES sys_req_o.priv @2,0,no
tuning,neorv32_bus,neorv32_bus_amo_rvs,core_req_i.debug,ports,read (whole-record value),,,,,,,,,2@942,CARRIES sys_req_o.debug @2,0,no
tuning,neorv32_bus,neorv32_bus_amo_rvs,core_req_i.amo,ports,read (whole-record value),,,,,,,,,3@942,CARRIES sys_req_o.amo @3,0,no
tuning,neorv32_bus,neorv32_bus_amo_rvs,core_req_i.amoop,ports,read (whole-record value),,,,,,,,,3@942,CARRIES sys_req_o.amoop @3,0,no
tuning,neorv32_bus,neorv32_bus_amo_rvs,core_req_i.lock,ports,read (whole-record value),,,,,,,,,2@942,CARRIES sys_req_o.lock @2,0,no
tuning,neorv32_bus,neorv32_bus_amo_rvs,core_req_i.fence,ports,read (whole-record value),,,,,,,,,2@942,CARRIES sys_req_o.fence @2,0,no
tuning,neorv32_bus,neorv32_bus_amo_rvs,sys_req_o.addr,ports,assigned (whole-record target),not assigned,none,,,undriven,driven,,FORWARDS,2@942,COPIES core_req_i.addr @2,0,no
tuning,neorv32_bus,neorv32_bus_amo_rvs,sys_req_o.data,ports,assigned (whole-record target),not assigned,none,,,undriven,driven,,FORWARDS,2@942,COPIES core_req_i.data @2,0,no
tuning,neorv32_bus,neorv32_bus_amo_rvs,sys_req_o.ben,ports,assigned (whole-record target),not assigned,none,,,undriven,driven,,FORWARDS,2@942,COPIES core_req_i.ben @2,0,no
tuning,neorv32_bus,neorv32_bus_amo_rvs,sys_req_o.stb,ports,assigned (whole-record target),,,,,,,,,4@942,COPIES core_req_i.stb @4,0,no
tuning,neorv32_bus,neorv32_bus_amo_rvs,sys_req_o.rw,ports,assigned (whole-record target),not assigned,none,,,undriven,driven,,FORWARDS,2@942,COPIES core_req_i.rw @2,0,no
tuning,neorv32_bus,neorv32_bus_amo_rvs,sys_req_o.src,ports,assigned (whole-record target),not assigned,none,,,undriven,driven,,FORWARDS,2@942,COPIES core_req_i.src @2,0,no
tuning,neorv32_bus,neorv32_bus_amo_rvs,sys_req_o.priv,ports,assigned (whole-record target),not assigned,none,,,undriven,driven,,FORWARDS,2@942,COPIES core_req_i.priv @2,0,no
tuning,neorv32_bus,neorv32_bus_amo_rvs,sys_req_o.debug,ports,assigned (whole-record target),not assigned,none,,,undriven,driven,,FORWARDS,2@942,COPIES core_req_i.debug @2,0,no
tuning,neorv32_bus,neorv32_bus_amo_rvs,sys_req_o.amo,ports,assigned (whole-record target),not assigned,none,,,undriven,driven,,FORWARDS,2@942,COPIES core_req_i.amo @2,0,no
tuning,neorv32_bus,neorv32_bus_amo_rvs,sys_req_o.amoop,ports,assigned (whole-record target),not assigned,none,,,undriven,driven,,FORWARDS,2@942,COPIES core_req_i.amoop @2,0,no
tuning,neorv32_bus,neorv32_bus_amo_rvs,sys_req_o.lock,ports,assigned (whole-record target),not assigned,none,,,undriven,driven,,FORWARDS,2@942,COPIES core_req_i.lock @2,0,no
tuning,neorv32_bus,neorv32_bus_amo_rvs,sys_req_o.fence,ports,assigned (whole-record target),not assigned,none,,,undriven,driven,,FORWARDS,2@942,COPIES core_req_i.fence @2,0,no
tuning,neorv32_bus,neorv32_bus_gateway,port_req,signals,far end only (gains a driving record),,,,,,,,,,SOURCES a_req_o.addr @2; SOURCES a_req_o.amo @2; SOURCES a_req_o.amoop @2; SOURCES a_req_o.ben @2; SOURCES a_req_o.data @2; SOURCES a_req_o.debug @2; SOURCES a_req_o.fence @2; SOURCES a_req_o.lock @2; SOURCES a_req_o.priv @2; SOURCES a_req_o.rw @2; SOURCES a_req_o.src @2; SOURCES a_req_o.stb @2; SOURCES b_req_o.addr @3; SOURCES b_req_o.amo @3; SOURCES b_req_o.amoop @3; SOURCES b_req_o.ben @3; SOURCES b_req_o.data @3; SOURCES b_req_o.debug @3; SOURCES b_req_o.fence @3; SOURCES b_req_o.lock @3; SOURCES b_req_o.priv @3; SOURCES b_req_o.rw @3; SOURCES b_req_o.src @3; SOURCES b_req_o.stb @3; SOURCES c_req_o.addr @4; SOURCES c_req_o.amo @4; SOURCES c_req_o.amoop @4; SOURCES c_req_o.ben @4; SOURCES c_req_o.data @4; SOURCES c_req_o.debug @4; SOURCES c_req_o.fence @4; SOURCES c_req_o.lock @4; SOURCES c_req_o.priv @4; SOURCES c_req_o.rw @4; SOURCES c_req_o.src @4; SOURCES c_req_o.stb @4; SOURCES x_req_o.addr @5; SOURCES x_req_o.amo @5; SOURCES x_req_o.amoop @5; SOURCES x_req_o.ben @5; SOURCES x_req_o.data @5; SOURCES x_req_o.debug @5; SOURCES x_req_o.fence @5; SOURCES x_req_o.lock @5; SOURCES x_req_o.priv @5; SOURCES x_req_o.rw @5; SOURCES x_req_o.src @5; SOURCES x_req_o.stb @5,0,no
tuning,neorv32_bus,neorv32_bus_gateway,port_rsp,signals,far end only (gains a driving record),,,,,,,,,,SOURCES int_rsp.ack @8; SOURCES int_rsp.data @7; SOURCES int_rsp.err @9,0,no
tuning,neorv32_bus,neorv32_bus_gateway,int_rsp.ack,signals,assigned (whole-record target),not assigned,none,,,,,CONSUMES,ORIGINATES CONSUMES,4@395,DERIVES_FROM port_rsp @4,0,no
tuning,neorv32_bus,neorv32_bus_gateway,int_rsp.err,signals,assigned (whole-record target),not assigned,none,,,,,CONSUMES,ORIGINATES CONSUMES,3@395,DERIVES_FROM port_rsp @3,0,no
tuning,neorv32_bus,neorv32_bus_gateway,int_rsp.data,signals,assigned (whole-record target),not assigned,none,,,,,FORWARDS,ORIGINATES FORWARDS,3@395,DERIVES_FROM port_rsp @3,0,no
tuning,neorv32_bus,neorv32_bus_io_switch,dev_req,signals,far end only (gains a driving record),,,,,,,,,,SOURCES dev_00_req_o.addr @2; SOURCES dev_00_req_o.amo @2; SOURCES dev_00_req_o.amoop @2; SOURCES dev_00_req_o.ben @2; SOURCES dev_00_req_o.data @2; SOURCES dev_00_req_o.debug @2; SOURCES dev_00_req_o.fence @2; SOURCES dev_00_req_o.lock @2; SOURCES dev_00_req_o.priv @2; SOURCES dev_00_req_o.rw @2; SOURCES dev_00_req_o.src @2; SOURCES dev_00_req_o.stb @2; SOURCES dev_01_req_o.addr @3; SOURCES dev_01_req_o.amo @3; SOURCES dev_01_req_o.amoop @3; SOURCES dev_01_req_o.ben @3; SOURCES dev_01_req_o.data @3; SOURCES dev_01_req_o.debug @3; SOURCES dev_01_req_o.fence @3; SOURCES dev_01_req_o.lock @3; SOURCES dev_01_req_o.priv @3; SOURCES dev_01_req_o.rw @3; SOURCES dev_01_req_o.src @3; SOURCES dev_01_req_o.stb @3; SOURCES dev_02_req_o.addr @4; SOURCES dev_02_req_o.amo @4; SOURCES dev_02_req_o.amoop @4; SOURCES dev_02_req_o.ben @4; SOURCES dev_02_req_o.data @4; SOURCES dev_02_req_o.debug @4; SOURCES dev_02_req_o.fence @4; SOURCES dev_02_req_o.lock @4; SOURCES dev_02_req_o.priv @4; SOURCES dev_02_req_o.rw @4; SOURCES dev_02_req_o.src @4; SOURCES dev_02_req_o.stb @4; SOURCES dev_03_req_o.addr @5; SOURCES dev_03_req_o.amo @5; SOURCES dev_03_req_o.amoop @5; SOURCES dev_03_req_o.ben @5; SOURCES dev_03_req_o.data @5; SOURCES dev_03_req_o.debug @5; SOURCES dev_03_req_o.fence @5; SOURCES dev_03_req_o.lock @5; SOURCES dev_03_req_o.priv @5; SOURCES dev_03_req_o.rw @5; SOURCES dev_03_req_o.src @5; SOURCES dev_03_req_o.stb @5; SOURCES dev_04_req_o.addr @6; SOURCES dev_04_req_o.amo @6; SOURCES dev_04_req_o.amoop @6; SOURCES dev_04_req_o.ben @6; SOURCES dev_04_req_o.data @6; SOURCES dev_04_req_o.debug @6; SOURCES dev_04_req_o.fence @6; SOURCES dev_04_req_o.lock @6; SOURCES dev_04_req_o.priv @6; SOURCES dev_04_req_o.rw @6; SOURCES dev_04_req_o.src @6; SOURCES dev_04_req_o.stb @6; SOURCES dev_05_req_o.addr @7; SOURCES dev_05_req_o.amo @7; SOURCES dev_05_req_o.amoop @7; SOURCES dev_05_req_o.ben @7; SOURCES dev_05_req_o.data @7; SOURCES dev_05_req_o.debug @7; SOURCES dev_05_req_o.fence @7; SOURCES dev_05_req_o.lock @7; SOURCES dev_05_req_o.priv @7; SOURCES dev_05_req_o.rw @7; SOURCES dev_05_req_o.src @7; SOURCES dev_05_req_o.stb @7; SOURCES dev_06_req_o.addr @8; SOURCES dev_06_req_o.amo @8; SOURCES dev_06_req_o.amoop @8; SOURCES dev_06_req_o.ben @8; SOURCES dev_06_req_o.data @8; SOURCES dev_06_req_o.debug @8; SOURCES dev_06_req_o.fence @8; SOURCES dev_06_req_o.lock @8; SOURCES dev_06_req_o.priv @8; SOURCES dev_06_req_o.rw @8; SOURCES dev_06_req_o.src @8; SOURCES dev_06_req_o.stb @8; SOURCES dev_07_req_o.addr @9; SOURCES dev_07_req_o.amo @9; SOURCES dev_07_req_o.amoop @9; SOURCES dev_07_req_o.ben @9; SOURCES dev_07_req_o.data @9; SOURCES dev_07_req_o.debug @9; SOURCES dev_07_req_o.fence @9; SOURCES dev_07_req_o.lock @9; SOURCES dev_07_req_o.priv @9; SOURCES dev_07_req_o.rw @9; SOURCES dev_07_req_o.src @9; SOURCES dev_07_req_o.stb @9; SOURCES dev_08_req_o.addr @10; SOURCES dev_08_req_o.amo @10; SOURCES dev_08_req_o.amoop @10; SOURCES dev_08_req_o.ben @10; SOURCES dev_08_req_o.data @10; SOURCES dev_08_req_o.debug @10; SOURCES dev_08_req_o.fence @10; SOURCES dev_08_req_o.lock @10; SOURCES dev_08_req_o.priv @10; SOURCES dev_08_req_o.rw @10; SOURCES dev_08_req_o.src @10; SOURCES dev_08_req_o.stb @10; SOURCES dev_09_req_o.addr @11; SOURCES dev_09_req_o.amo @11; SOURCES dev_09_req_o.amoop @11; SOURCES dev_09_req_o.ben @11; SOURCES dev_09_req_o.data @11; SOURCES dev_09_req_o.debug @11; SOURCES dev_09_req_o.fence @11; SOURCES dev_09_req_o.lock @11; SOURCES dev_09_req_o.priv @11; SOURCES dev_09_req_o.rw @11; SOURCES dev_09_req_o.src @11; SOURCES dev_09_req_o.stb @11; SOURCES dev_10_req_o.addr @12; SOURCES dev_10_req_o.amo @12; SOURCES dev_10_req_o.amoop @12; SOURCES dev_10_req_o.ben @12; SOURCES dev_10_req_o.data @12; SOURCES dev_10_req_o.debug @12; SOURCES dev_10_req_o.fence @12; SOURCES dev_10_req_o.lock @12; SOURCES dev_10_req_o.priv @12; SOURCES dev_10_req_o.rw @12; SOURCES dev_10_req_o.src @12; SOURCES dev_10_req_o.stb @12; SOURCES dev_11_req_o.addr @13; SOURCES dev_11_req_o.amo @13; SOURCES dev_11_req_o.amoop @13; SOURCES dev_11_req_o.ben @13; SOURCES dev_11_req_o.data @13; SOURCES dev_11_req_o.debug @13; SOURCES dev_11_req_o.fence @13; SOURCES dev_11_req_o.lock @13; SOURCES dev_11_req_o.priv @13; SOURCES dev_11_req_o.rw @13; SOURCES dev_11_req_o.src @13; SOURCES dev_11_req_o.stb @13; SOURCES dev_12_req_o.addr @14; SOURCES dev_12_req_o.amo @14; SOURCES dev_12_req_o.amoop @14; SOURCES dev_12_req_o.ben @14; SOURCES dev_12_req_o.data @14; SOURCES dev_12_req_o.debug @14; SOURCES dev_12_req_o.fence @14; SOURCES dev_12_req_o.lock @14; SOURCES dev_12_req_o.priv @14; SOURCES dev_12_req_o.rw @14; SOURCES dev_12_req_o.src @14; SOURCES dev_12_req_o.stb @14; SOURCES dev_13_req_o.addr @15; SOURCES dev_13_req_o.amo @15; SOURCES dev_13_req_o.amoop @15; SOURCES dev_13_req_o.ben @15; SOURCES dev_13_req_o.data @15; SOURCES dev_13_req_o.debug @15; SOURCES dev_13_req_o.fence @15; SOURCES dev_13_req_o.lock @15; SOURCES dev_13_req_o.priv @15; SOURCES dev_13_req_o.rw @15; SOURCES dev_13_req_o.src @15; SOURCES dev_13_req_o.stb @15; SOURCES dev_14_req_o.addr @16; SOURCES dev_14_req_o.amo @16; SOURCES dev_14_req_o.amoop @16; SOURCES dev_14_req_o.ben @16; SOURCES dev_14_req_o.data @16; SOURCES dev_14_req_o.debug @16; SOURCES dev_14_req_o.fence @16; SOURCES dev_14_req_o.lock @16; SOURCES dev_14_req_o.priv @16; SOURCES dev_14_req_o.rw @16; SOURCES dev_14_req_o.src @16; SOURCES dev_14_req_o.stb @16; SOURCES dev_15_req_o.addr @17; SOURCES dev_15_req_o.amo @17; SOURCES dev_15_req_o.amoop @17; SOURCES dev_15_req_o.ben @17; SOURCES dev_15_req_o.data @17; SOURCES dev_15_req_o.debug @17; SOURCES dev_15_req_o.fence @17; SOURCES dev_15_req_o.lock @17; SOURCES dev_15_req_o.priv @17; SOURCES dev_15_req_o.rw @17; SOURCES dev_15_req_o.src @17; SOURCES dev_15_req_o.stb @17; SOURCES dev_16_req_o.addr @18; SOURCES dev_16_req_o.amo @18; SOURCES dev_16_req_o.amoop @18; SOURCES dev_16_req_o.ben @18; SOURCES dev_16_req_o.data @18; SOURCES dev_16_req_o.debug @18; SOURCES dev_16_req_o.fence @18; SOURCES dev_16_req_o.lock @18; SOURCES dev_16_req_o.priv @18; SOURCES dev_16_req_o.rw @18; SOURCES dev_16_req_o.src @18; SOURCES dev_16_req_o.stb @18; SOURCES dev_17_req_o.addr @19; SOURCES dev_17_req_o.amo @19; SOURCES dev_17_req_o.amoop @19; SOURCES dev_17_req_o.ben @19; SOURCES dev_17_req_o.data @19; SOURCES dev_17_req_o.debug @19; SOURCES dev_17_req_o.fence @19; SOURCES dev_17_req_o.lock @19; SOURCES dev_17_req_o.priv @19; SOURCES dev_17_req_o.rw @19; SOURCES dev_17_req_o.src @19; SOURCES dev_17_req_o.stb @19; SOURCES dev_18_req_o.addr @20; SOURCES dev_18_req_o.amo @20; SOURCES dev_18_req_o.amoop @20; SOURCES dev_18_req_o.ben @20; SOURCES dev_18_req_o.data @20; SOURCES dev_18_req_o.debug @20; SOURCES dev_18_req_o.fence @20; SOURCES dev_18_req_o.lock @20; SOURCES dev_18_req_o.priv @20; SOURCES dev_18_req_o.rw @20; SOURCES dev_18_req_o.src @20; SOURCES dev_18_req_o.stb @20; SOURCES dev_19_req_o.addr @21; SOURCES dev_19_req_o.amo @21; SOURCES dev_19_req_o.amoop @21; SOURCES dev_19_req_o.ben @21; SOURCES dev_19_req_o.data @21; SOURCES dev_19_req_o.debug @21; SOURCES dev_19_req_o.fence @21; SOURCES dev_19_req_o.lock @21; SOURCES dev_19_req_o.priv @21; SOURCES dev_19_req_o.rw @21; SOURCES dev_19_req_o.src @21; SOURCES dev_19_req_o.stb @21; SOURCES dev_20_req_o.addr @22; SOURCES dev_20_req_o.amo @22; SOURCES dev_20_req_o.amoop @22; SOURCES dev_20_req_o.ben @22; SOURCES dev_20_req_o.data @22; SOURCES dev_20_req_o.debug @22; SOURCES dev_20_req_o.fence @22; SOURCES dev_20_req_o.lock @22; SOURCES dev_20_req_o.priv @22; SOURCES dev_20_req_o.rw @22; SOURCES dev_20_req_o.src @22; SOURCES dev_20_req_o.stb @22; SOURCES dev_21_req_o.addr @23; SOURCES dev_21_req_o.amo @23; SOURCES dev_21_req_o.amoop @23; SOURCES dev_21_req_o.ben @23; SOURCES dev_21_req_o.data @23; SOURCES dev_21_req_o.debug @23; SOURCES dev_21_req_o.fence @23; SOURCES dev_21_req_o.lock @23; SOURCES dev_21_req_o.priv @23; SOURCES dev_21_req_o.rw @23; SOURCES dev_21_req_o.src @23; SOURCES dev_21_req_o.stb @23; SOURCES dev_22_req_o.addr @24; SOURCES dev_22_req_o.amo @24; SOURCES dev_22_req_o.amoop @24; SOURCES dev_22_req_o.ben @24; SOURCES dev_22_req_o.data @24; SOURCES dev_22_req_o.debug @24; SOURCES dev_22_req_o.fence @24; SOURCES dev_22_req_o.lock @24; SOURCES dev_22_req_o.priv @24; SOURCES dev_22_req_o.rw @24; SOURCES dev_22_req_o.src @24; SOURCES dev_22_req_o.stb @24; SOURCES dev_23_req_o.addr @25; SOURCES dev_23_req_o.amo @25; SOURCES dev_23_req_o.amoop @25; SOURCES dev_23_req_o.ben @25; SOURCES dev_23_req_o.data @25; SOURCES dev_23_req_o.debug @25; SOURCES dev_23_req_o.fence @25; SOURCES dev_23_req_o.lock @25; SOURCES dev_23_req_o.priv @25; SOURCES dev_23_req_o.rw @25; SOURCES dev_23_req_o.src @25; SOURCES dev_23_req_o.stb @25; SOURCES dev_24_req_o.addr @26; SOURCES dev_24_req_o.amo @26; SOURCES dev_24_req_o.amoop @26; SOURCES dev_24_req_o.ben @26; SOURCES dev_24_req_o.data @26; SOURCES dev_24_req_o.debug @26; SOURCES dev_24_req_o.fence @26; SOURCES dev_24_req_o.lock @26; SOURCES dev_24_req_o.priv @26; SOURCES dev_24_req_o.rw @26; SOURCES dev_24_req_o.src @26; SOURCES dev_24_req_o.stb @26; SOURCES dev_25_req_o.addr @27; SOURCES dev_25_req_o.amo @27; SOURCES dev_25_req_o.amoop @27; SOURCES dev_25_req_o.ben @27; SOURCES dev_25_req_o.data @27; SOURCES dev_25_req_o.debug @27; SOURCES dev_25_req_o.fence @27; SOURCES dev_25_req_o.lock @27; SOURCES dev_25_req_o.priv @27; SOURCES dev_25_req_o.rw @27; SOURCES dev_25_req_o.src @27; SOURCES dev_25_req_o.stb @27; SOURCES dev_26_req_o.addr @28; SOURCES dev_26_req_o.amo @28; SOURCES dev_26_req_o.amoop @28; SOURCES dev_26_req_o.ben @28; SOURCES dev_26_req_o.data @28; SOURCES dev_26_req_o.debug @28; SOURCES dev_26_req_o.fence @28; SOURCES dev_26_req_o.lock @28; SOURCES dev_26_req_o.priv @28; SOURCES dev_26_req_o.rw @28; SOURCES dev_26_req_o.src @28; SOURCES dev_26_req_o.stb @28; SOURCES dev_27_req_o.addr @29; SOURCES dev_27_req_o.amo @29; SOURCES dev_27_req_o.amoop @29; SOURCES dev_27_req_o.ben @29; SOURCES dev_27_req_o.data @29; SOURCES dev_27_req_o.debug @29; SOURCES dev_27_req_o.fence @29; SOURCES dev_27_req_o.lock @29; SOURCES dev_27_req_o.priv @29; SOURCES dev_27_req_o.rw @29; SOURCES dev_27_req_o.src @29; SOURCES dev_27_req_o.stb @29; SOURCES dev_28_req_o.addr @30; SOURCES dev_28_req_o.amo @30; SOURCES dev_28_req_o.amoop @30; SOURCES dev_28_req_o.ben @30; SOURCES dev_28_req_o.data @30; SOURCES dev_28_req_o.debug @30; SOURCES dev_28_req_o.fence @30; SOURCES dev_28_req_o.lock @30; SOURCES dev_28_req_o.priv @30; SOURCES dev_28_req_o.rw @30; SOURCES dev_28_req_o.src @30; SOURCES dev_28_req_o.stb @30; SOURCES dev_29_req_o.addr @31; SOURCES dev_29_req_o.amo @31; SOURCES dev_29_req_o.amoop @31; SOURCES dev_29_req_o.ben @31; SOURCES dev_29_req_o.data @31; SOURCES dev_29_req_o.debug @31; SOURCES dev_29_req_o.fence @31; SOURCES dev_29_req_o.lock @31; SOURCES dev_29_req_o.priv @31; SOURCES dev_29_req_o.rw @31; SOURCES dev_29_req_o.src @31; SOURCES dev_29_req_o.stb @31; SOURCES dev_30_req_o.addr @32; SOURCES dev_30_req_o.amo @32; SOURCES dev_30_req_o.amoop @32; SOURCES dev_30_req_o.ben @32; SOURCES dev_30_req_o.data @32; SOURCES dev_30_req_o.debug @32; SOURCES dev_30_req_o.fence @32; SOURCES dev_30_req_o.lock @32; SOURCES dev_30_req_o.priv @32; SOURCES dev_30_req_o.rw @32; SOURCES dev_30_req_o.src @32; SOURCES dev_30_req_o.stb @32; SOURCES dev_31_req_o.addr @33; SOURCES dev_31_req_o.amo @33; SOURCES dev_31_req_o.amoop @33; SOURCES dev_31_req_o.ben @33; SOURCES dev_31_req_o.data @33; SOURCES dev_31_req_o.debug @33; SOURCES dev_31_req_o.fence @33; SOURCES dev_31_req_o.lock @33; SOURCES dev_31_req_o.priv @33; SOURCES dev_31_req_o.rw @33; SOURCES dev_31_req_o.src @33; SOURCES dev_31_req_o.stb @33,0,no
tuning,neorv32_bus,neorv32_bus_io_switch,dev_rsp,signals,far end only (gains a driving record),,,,,,,,,,SOURCES main_rsp.ack @36; SOURCES main_rsp.data @35; SOURCES main_rsp.err @37,0,no
tuning,neorv32_bus,neorv32_bus_io_switch,main_rsp.ack,signals,assigned (whole-record target),not assigned,none,,,,,FORWARDS,ORIGINATES FORWARDS,2@690,DERIVES_FROM dev_rsp @2,0,no
tuning,neorv32_bus,neorv32_bus_io_switch,main_rsp.err,signals,assigned (whole-record target),not assigned,none,,,,,FORWARDS,ORIGINATES FORWARDS,2@690,DERIVES_FROM dev_rsp @2,0,no
tuning,neorv32_bus,neorv32_bus_io_switch,main_rsp.data,signals,assigned (whole-record target),not assigned,none,,,,,FORWARDS,ORIGINATES FORWARDS,2@690,DERIVES_FROM dev_rsp @2,0,no
tuning,neorv32_bus,neorv32_bus_amo_rmw,arbiter.state,signals,assigned (whole-record target),none,edge,signal,register,,,,,14@763; 15@772,CARRIES arbiter_nxt.state @15; CLOCKED_BY clk_i @14; COPIES arbiter_nxt.state @14,0,yes
tuning,neorv32_bus,neorv32_bus_amo_rmw,arbiter.cmd,signals,assigned (whole-record target),none,edge,signal,register,,,,,7@763; 8@772,CARRIES arbiter_nxt.cmd @8; CLOCKED_BY clk_i @7; COPIES arbiter_nxt.cmd @7,0,yes
tuning,neorv32_bus,neorv32_bus_amo_rmw,arbiter.rdata,signals,assigned (whole-record target),none,edge,signal,register,,,,,11@763; 12@772,CARRIES arbiter_nxt.rdata @12; CLOCKED_BY clk_i @11; COPIES arbiter_nxt.rdata @11,0,yes
tuning,neorv32_bus,neorv32_bus_amo_rmw,arbiter.wdata,signals,assigned (whole-record target),none,edge,signal,register,,,,,11@763; 12@772,CARRIES arbiter_nxt.wdata @12; CLOCKED_BY clk_i @11; COPIES arbiter_nxt.wdata @11,0,yes
tuning,neorv32_bus,neorv32_bus_amo_rmw,arbiter_nxt.state,signals,assigned (whole-record target),,,,,,,ORIGINATES FORWARDS,ORIGINATES CONSUMES FORWARDS,8@763; 9@772,CARRIES arbiter.state @8; COPIES arbiter.state @9,0,yes
tuning,neorv32_bus,neorv32_bus_amo_rmw,arbiter_nxt.cmd,signals,assigned (whole-record target),,,,,,,FORWARDS,ORIGINATES CONSUMES FORWARDS,3@763; 4@772,CARRIES arbiter.cmd @3; COPIES arbiter.cmd @4,0,yes
tuning,neorv32_bus,neorv32_bus_amo_rmw,arbiter_nxt.rdata,signals,assigned (whole-record target),,,,,,,FORWARDS,ORIGINATES CONSUMES FORWARDS,3@763; 4@772,CARRIES arbiter.rdata @3; COPIES arbiter.rdata @4,0,yes
tuning,neorv32_bus,neorv32_bus_amo_rmw,arbiter_nxt.wdata,signals,assigned (whole-record target),,,,,,,FORWARDS,ORIGINATES CONSUMES FORWARDS,3@763; 4@772,CARRIES arbiter.wdata @3; COPIES arbiter.wdata @4,0,yes
tuning,neorv32_cache,neorv32_cache,clk_i,ports,far end only (gains a driving record),,,,,,,,,,SEQUENCES ctrl.buf_dir @3; SEQUENCES ctrl.buf_err @3; SEQUENCES ctrl.buf_req @3; SEQUENCES ctrl.buf_sync @3; SEQUENCES ctrl.idx @3; SEQUENCES ctrl.ofs @3; SEQUENCES ctrl.state @3; SEQUENCES ctrl.tag @3,0,yes
tuning,neorv32_cache,neorv32_cache,host_req_i.addr,ports,read (whole-record value),,,,,,,,,6@159,CARRIES bus_req_o.addr @6,0,no
tuning,neorv32_cache,neorv32_cache,host_req_i.data,ports,read (whole-record value),,,,,,,,,3@159,CARRIES bus_req_o.data @3,0,no
tuning,neorv32_cache,neorv32_cache,host_req_i.ben,ports,read (whole-record value),,,,,,,,,3@159,CARRIES bus_req_o.ben @3,0,no
tuning,neorv32_cache,neorv32_cache,host_req_i.stb,ports,read (whole-record value),,,,,,,,,4@159,CARRIES bus_req_o.stb @4,0,no
tuning,neorv32_cache,neorv32_cache,host_req_i.rw,ports,read (whole-record value),,,,,,,,,4@159,CARRIES bus_req_o.rw @4,0,no
tuning,neorv32_cache,neorv32_cache,host_req_i.src,ports,read (whole-record value),,,,,,,,,2@159,CARRIES bus_req_o.src @2,0,no
tuning,neorv32_cache,neorv32_cache,host_req_i.priv,ports,read (whole-record value),,,,,,,,,2@159,CARRIES bus_req_o.priv @2,0,no
tuning,neorv32_cache,neorv32_cache,host_req_i.debug,ports,read (whole-record value),,,,,,,,,3@159,CARRIES bus_req_o.debug @3,0,no
tuning,neorv32_cache,neorv32_cache,host_req_i.amo,ports,read (whole-record value),,,,,,,,,3@159,CARRIES bus_req_o.amo @3,0,no
tuning,neorv32_cache,neorv32_cache,host_req_i.amoop,ports,read (whole-record value),,,,,,,,,2@159,CARRIES bus_req_o.amoop @2,0,no
tuning,neorv32_cache,neorv32_cache,host_req_i.lock,ports,read (whole-record value),,,,,,,,,2@159,CARRIES bus_req_o.lock @2,0,no
tuning,neorv32_cache,neorv32_cache,host_req_i.fence,ports,read (whole-record value),,,,,,,,,4@159,CARRIES bus_req_o.fence @4,0,no
tuning,neorv32_cache,neorv32_cache,host_rsp_o.ack,ports,assigned (whole-record target),,,,,,,ORIGINATES,ORIGINATES FORWARDS,5@209,COPIES bus_rsp_i.ack @5; SELECTED_BY ctrl.state @5,0,no
tuning,neorv32_cache,neorv32_cache,host_rsp_o.err,ports,assigned (whole-record target),,,,,,,ORIGINATES,ORIGINATES FORWARDS,4@209,COPIES bus_rsp_i.err @4; SELECTED_BY ctrl.state @4,0,no
tuning,neorv32_cache,neorv32_cache,host_rsp_o.data,ports,assigned (whole-record target),,,,,,,,,3@209,COPIES bus_rsp_i.data @3; SELECTED_BY ctrl.state @3,0,no
tuning,neorv32_cache,neorv32_cache,bus_req_o.addr,ports,assigned (whole-record target),,,,,,,ORIGINATES,ORIGINATES FORWARDS,4@159,COPIES host_req_i.addr @4,0,no
tuning,neorv32_cache,neorv32_cache,bus_req_o.data,ports,assigned (whole-record target),not assigned,none,,,undriven,driven,,FORWARDS,2@159,COPIES host_req_i.data @2,0,no
tuning,neorv32_cache,neorv32_cache,bus_req_o.ben,ports,assigned (whole-record target),not assigned,none,,,undriven,driven,,FORWARDS,2@159,COPIES host_req_i.ben @2,0,no
tuning,neorv32_cache,neorv32_cache,bus_req_o.stb,ports,assigned (whole-record target),,,,,,,ORIGINATES,ORIGINATES FORWARDS,7@159,COPIES host_req_i.stb @7,0,no
tuning,neorv32_cache,neorv32_cache,bus_req_o.rw,ports,assigned (whole-record target),,,,,,,ORIGINATES,ORIGINATES FORWARDS,4@159,COPIES host_req_i.rw @4,0,no
tuning,neorv32_cache,neorv32_cache,bus_req_o.src,ports,assigned (whole-record target),not assigned,none,,,undriven,driven,,FORWARDS,2@159,COPIES host_req_i.src @2,0,no
tuning,neorv32_cache,neorv32_cache,bus_req_o.priv,ports,assigned (whole-record target),not assigned,none,,,undriven,driven,,FORWARDS,2@159,COPIES host_req_i.priv @2,0,no
tuning,neorv32_cache,neorv32_cache,bus_req_o.debug,ports,assigned (whole-record target),not assigned,none,,,undriven,driven,,FORWARDS,2@159,COPIES host_req_i.debug @2,0,no
tuning,neorv32_cache,neorv32_cache,bus_req_o.amo,ports,assigned (whole-record target),not assigned,none,,,undriven,driven,,FORWARDS,2@159,COPIES host_req_i.amo @2,0,no
tuning,neorv32_cache,neorv32_cache,bus_req_o.amoop,ports,assigned (whole-record target),not assigned,none,,,undriven,driven,,FORWARDS,2@159,COPIES host_req_i.amoop @2,0,no
tuning,neorv32_cache,neorv32_cache,bus_req_o.lock,ports,assigned (whole-record target),,,,,,,ORIGINATES,ORIGINATES FORWARDS,4@159,COPIES host_req_i.lock @4,0,no
tuning,neorv32_cache,neorv32_cache,bus_req_o.fence,ports,assigned (whole-record target),,,,,,,ORIGINATES,ORIGINATES FORWARDS,4@159,COPIES host_req_i.fence @4,0,no
tuning,neorv32_cache,neorv32_cache,bus_rsp_i.ack,ports,read (whole-record value),,,,,,,,,4@209,CARRIES host_rsp_o.ack @4,0,no
tuning,neorv32_cache,neorv32_cache,bus_rsp_i.err,ports,read (whole-record value),,,,,,,,,3@209,CARRIES host_rsp_o.err @3,0,no
tuning,neorv32_cache,neorv32_cache,bus_rsp_i.data,ports,read (whole-record value),,,,,,,,,3@209,CARRIES host_rsp_o.data @3,0,no
tuning,neorv32_cache,neorv32_cache,ctrl.state,signals,assigned (whole-record target),none,edge,signal,register,,,,,5@126,CLOCKED_BY clk_i @5; COPIES ctrl_nxt.state @5; SELECTS host_rsp_o.ack @4; SELECTS host_rsp_o.data @4; SELECTS host_rsp_o.err @4,2,yes
tuning,neorv32_cache,neorv32_cache,ctrl.buf_req,signals,assigned (whole-record target),none,edge,signal,register,,,,,5@126,CLOCKED_BY clk_i @5; COPIES ctrl_nxt.buf_req @5,0,yes
tuning,neorv32_cache,neorv32_cache,ctrl.buf_sync,signals,assigned (whole-record target),none,edge,signal,register,,,,,5@126,CLOCKED_BY clk_i @5; COPIES ctrl_nxt.buf_sync @5,0,yes
tuning,neorv32_cache,neorv32_cache,ctrl.buf_err,signals,assigned (whole-record target),none,edge,signal,register,,,,,6@126,CLOCKED_BY clk_i @6; COPIES ctrl_nxt.buf_err @6,0,yes
tuning,neorv32_cache,neorv32_cache,ctrl.buf_dir,signals,assigned (whole-record target),none,edge,signal,register,,,,,4@126,CLOCKED_BY clk_i @4; COPIES ctrl_nxt.buf_dir @4,0,yes
tuning,neorv32_cache,neorv32_cache,ctrl.tag,signals,assigned (whole-record target),none,edge,signal,register,,,,,8@126,CLOCKED_BY clk_i @8; COPIES ctrl_nxt.tag @8,0,yes
tuning,neorv32_cache,neorv32_cache,ctrl.idx,signals,assigned (whole-record target),none,edge,signal,register,,,,,8@126,CLOCKED_BY clk_i @8; COPIES ctrl_nxt.idx @8,0,yes
tuning,neorv32_cache,neorv32_cache,ctrl.ofs,signals,assigned (whole-record target),none,edge,signal,register,,,,,10@126,CLOCKED_BY clk_i @10; COPIES ctrl_nxt.ofs @10,0,yes
tuning,neorv32_cache,neorv32_cache,ctrl_nxt.state,signals,read (whole-record value),,,,,,,ORIGINATES FORWARDS,ORIGINATES CONSUMES FORWARDS,18@126,CARRIES ctrl.state @18,0,yes
tuning,neorv32_cache,neorv32_cache,ctrl_nxt.buf_req,signals,read (whole-record value),,,,,,,ORIGINATES FORWARDS,ORIGINATES CONSUMES FORWARDS,4@126,CARRIES ctrl.buf_req @4,0,yes
tuning,neorv32_cache,neorv32_cache,ctrl_nxt.buf_sync,signals,read (whole-record value),,,,,,,ORIGINATES FORWARDS,ORIGINATES CONSUMES FORWARDS,4@126,CARRIES ctrl.buf_sync @4,0,yes
tuning,neorv32_cache,neorv32_cache,ctrl_nxt.buf_err,signals,read (whole-record value),,,,,,,ORIGINATES FORWARDS,ORIGINATES CONSUMES FORWARDS,5@126,CARRIES ctrl.buf_err @5,0,yes
tuning,neorv32_cache,neorv32_cache,ctrl_nxt.buf_dir,signals,read (whole-record value),,,,,,,ORIGINATES FORWARDS,ORIGINATES CONSUMES FORWARDS,4@126,CARRIES ctrl.buf_dir @4,0,yes
tuning,neorv32_cache,neorv32_cache,ctrl_nxt.tag,signals,read (whole-record value),,,,,,,ORIGINATES FORWARDS,ORIGINATES CONSUMES FORWARDS,4@126,CARRIES ctrl.tag @4,0,yes
tuning,neorv32_cache,neorv32_cache,ctrl_nxt.idx,signals,read (whole-record value),,,,,,,ORIGINATES FORWARDS,ORIGINATES CONSUMES FORWARDS,4@126,CARRIES ctrl.idx @4,0,yes
tuning,neorv32_cache,neorv32_cache,ctrl_nxt.ofs,signals,read (whole-record value),,,,,,,ORIGINATES FORWARDS,ORIGINATES CONSUMES FORWARDS,5@126,CARRIES ctrl.ofs @5,0,yes
tuning,neorv32_cpu,neorv32_cpu,icc_tx_o.rdy,ports,assigned (whole-record target),not assigned,none,,,undriven,tied,FORWARDS,ORIGINATES FORWARDS,2@455,,0,no
tuning,neorv32_cpu,neorv32_cpu,icc_tx_o.ack,ports,assigned (whole-record target),not assigned,none,,,undriven,tied,FORWARDS,ORIGINATES FORWARDS,2@455,,0,no
tuning,neorv32_cpu,neorv32_cpu,icc_tx_o.dat,ports,assigned (whole-record target),not assigned,none,,,undriven,tied,FORWARDS,ORIGINATES FORWARDS,2@455,,0,no
tuning,neorv32_hwspinlock,neorv32_hwspinlock,rstn_i,ports,far end only (gains a driving record),,,,,,,,,,RESETS bus_rsp_o.ack @5; RESETS bus_rsp_o.data @5; RESETS bus_rsp_o.err @5,0,no
tuning,neorv32_hwspinlock,neorv32_hwspinlock,bus_rsp_o.ack,ports,assigned (whole-record target),,,,,,,,,3@61,RESET_BY rstn_i @3,0,no
tuning,neorv32_hwspinlock,neorv32_hwspinlock,bus_rsp_o.err,ports,assigned (whole-record target),,,,,,,,,3@61,RESET_BY rstn_i @3,0,no
tuning,neorv32_hwspinlock,neorv32_hwspinlock,bus_rsp_o.data,ports,assigned (whole-record target),,,,,,,,,5@61,RESET_BY rstn_i @5,0,no
tuning,neorv32_spi,neorv32_spi,rstn_i,ports,far end only (gains a driving record),,,,,,,,,,RESETS bus_rsp_o.ack @3; RESETS bus_rsp_o.data @3; RESETS bus_rsp_o.err @3,0,no
tuning,neorv32_spi,neorv32_spi,bus_rsp_o.ack,ports,assigned (whole-record target),,,,,,,,,3@119,RESET_BY rstn_i @3,0,no
tuning,neorv32_spi,neorv32_spi,bus_rsp_o.err,ports,assigned (whole-record target),,,,,,,,,3@119,RESET_BY rstn_i @3,0,no
tuning,neorv32_spi,neorv32_spi,bus_rsp_o.data,ports,assigned (whole-record target),,,,,,,,,21@119,RESET_BY rstn_i @21,0,no
tuning,neorv32_trng,neorv32_trng,rstn_i,ports,far end only (gains a driving record),,,,,,,,,,RESETS bus_rsp_o.ack @3; RESETS bus_rsp_o.data @3; RESETS bus_rsp_o.err @3,0,no
tuning,neorv32_trng,neorv32_trng,bus_rsp_o.ack,ports,assigned (whole-record target),,,,,,,,,3@93,RESET_BY rstn_i @3,0,no
tuning,neorv32_trng,neorv32_trng,bus_rsp_o.err,ports,assigned (whole-record target),,,,,,,,,3@93,RESET_BY rstn_i @3,0,no
tuning,neorv32_trng,neorv32_trng,bus_rsp_o.data,ports,assigned (whole-record target),,,,,,,,,9@93,RESET_BY rstn_i @9,0,no
tuning,neorv32_twi,neorv32_twi,rstn_i,ports,far end only (gains a driving record),,,,,,,,,,RESETS bus_rsp_o.ack @3; RESETS bus_rsp_o.data @3; RESETS bus_rsp_o.err @3,0,no
tuning,neorv32_twi,neorv32_twi,bus_rsp_o.ack,ports,assigned (whole-record target),,,,,,,,,3@123,RESET_BY rstn_i @3,0,no
tuning,neorv32_twi,neorv32_twi,bus_rsp_o.err,ports,assigned (whole-record target),,,,,,,,,3@123,RESET_BY rstn_i @3,0,no
tuning,neorv32_twi,neorv32_twi,bus_rsp_o.data,ports,assigned (whole-record target),,,,,,,,,14@123,RESET_BY rstn_i @14,0,no
tuning,neorv32_uart,neorv32_uart,rstn_i,ports,far end only (gains a driving record),,,,,,,,,,RESETS bus_rsp_o.ack @3; RESETS bus_rsp_o.data @3; RESETS bus_rsp_o.err @3,0,no
tuning,neorv32_uart,neorv32_uart,bus_rsp_o.ack,ports,assigned (whole-record target),,,,,,,,,3@155,RESET_BY rstn_i @3,0,no
tuning,neorv32_uart,neorv32_uart,bus_rsp_o.err,ports,assigned (whole-record target),,,,,,,,,3@155,RESET_BY rstn_i @3,0,no
tuning,neorv32_uart,neorv32_uart,bus_rsp_o.data,ports,assigned (whole-record target),,,,,,,,,24@155,RESET_BY rstn_i @24,0,no
tuning,neorv32_wdt,neorv32_wdt,rstn_sys_i,ports,far end only (gains a driving record),,,,,,,,,,RESETS bus_rsp_o.ack @3; RESETS bus_rsp_o.data @3; RESETS bus_rsp_o.err @3,0,no
tuning,neorv32_wdt,neorv32_wdt,bus_rsp_o.ack,ports,assigned (whole-record target),,,,,,,,,3@74,RESET_BY rstn_sys_i @3,0,no
tuning,neorv32_wdt,neorv32_wdt,bus_rsp_o.err,ports,assigned (whole-record target),,,,,,,,,3@74,RESET_BY rstn_sys_i @3,0,no
tuning,neorv32_wdt,neorv32_wdt,bus_rsp_o.data,ports,assigned (whole-record target),,,,,,,,,8@74,RESET_BY rstn_sys_i @8,0,no
heldout,neorv32_cpu_control,neorv32_cpu_control,clk_i,ports,far end only (gains a driving record),,,,,,,,,,SEQUENCES ctrl.alu_cp_alu @5; SEQUENCES ctrl.alu_cp_cfu @5; SEQUENCES ctrl.alu_cp_fpu @5; SEQUENCES ctrl.alu_imm @5; SEQUENCES ctrl.alu_op @5; SEQUENCES ctrl.alu_opa_mux @5; SEQUENCES ctrl.alu_opb_mux @5; SEQUENCES ctrl.alu_sub @5; SEQUENCES ctrl.alu_unsigned @5; SEQUENCES ctrl.cnt_event @5; SEQUENCES ctrl.cnt_halt @5; SEQUENCES ctrl.cpu_debug @5; SEQUENCES ctrl.cpu_priv @5; SEQUENCES ctrl.cpu_sleep @5; SEQUENCES ctrl.cpu_trap @5; SEQUENCES ctrl.csr_addr @5; SEQUENCES ctrl.csr_re @5; SEQUENCES ctrl.csr_wdata @5; SEQUENCES ctrl.csr_we @5; SEQUENCES ctrl.if_ack @5; SEQUENCES ctrl.if_fence @5; SEQUENCES ctrl.if_reset @5; SEQUENCES ctrl.ir_funct12 @5; SEQUENCES ctrl.ir_funct3 @5; SEQUENCES ctrl.ir_opcode @5; SEQUENCES ctrl.lsu_amo @5; SEQUENCES ctrl.lsu_fence @5; SEQUENCES ctrl.lsu_mo_we @5; SEQUENCES ctrl.lsu_priv @5; SEQUENCES ctrl.lsu_req @5; SEQUENCES ctrl.lsu_rw @5; SEQUENCES ctrl.pc_cur @5; SEQUENCES ctrl.pc_nxt @5; SEQUENCES ctrl.pc_ret @5; SEQUENCES ctrl.rf_rd @5; SEQUENCES ctrl.rf_rs1 @5; SEQUENCES ctrl.rf_rs2 @5; SEQUENCES ctrl.rf_wb_en @5; SEQUENCES ctrl.rf_zero_we @5; SEQUENCES exe_engine.ci @5; SEQUENCES exe_engine.ir @5; SEQUENCES exe_engine.pc @5; SEQUENCES exe_engine.pc2 @5; SEQUENCES exe_engine.ra @5; SEQUENCES exe_engine.state @5,0,yes
heldout,neorv32_cpu_control,neorv32_cpu_control,rstn_i,ports,far end only (gains a driving record),,,,,,,,,,RESETS ctrl.alu_cp_alu @5; RESETS ctrl.alu_cp_cfu @5; RESETS ctrl.alu_cp_fpu @5; RESETS ctrl.alu_imm @5; RESETS ctrl.alu_op @5; RESETS ctrl.alu_opa_mux @5; RESETS ctrl.alu_opb_mux @5; RESETS ctrl.alu_sub @5; RESETS ctrl.alu_unsigned @5; RESETS ctrl.cnt_event @5; RESETS ctrl.cnt_halt @5; RESETS ctrl.cpu_debug @5; RESETS ctrl.cpu_priv @5; RESETS ctrl.cpu_sleep @5; RESETS ctrl.cpu_trap @5; RESETS ctrl.csr_addr @5; RESETS ctrl.csr_re @5; RESETS ctrl.csr_wdata @5; RESETS ctrl.csr_we @5; RESETS ctrl.if_ack @5; RESETS ctrl.if_fence @5; RESETS ctrl.if_reset @5; RESETS ctrl.ir_funct12 @5; RESETS ctrl.ir_funct3 @5; RESETS ctrl.ir_opcode @5; RESETS ctrl.lsu_amo @5; RESETS ctrl.lsu_fence @5; RESETS ctrl.lsu_mo_we @5; RESETS ctrl.lsu_priv @5; RESETS ctrl.lsu_req @5; RESETS ctrl.lsu_rw @5; RESETS ctrl.pc_cur @5; RESETS ctrl.pc_nxt @5; RESETS ctrl.pc_ret @5; RESETS ctrl.rf_rd @5; RESETS ctrl.rf_rs1 @5; RESETS ctrl.rf_rs2 @5; RESETS ctrl.rf_wb_en @5; RESETS ctrl.rf_zero_we @5,0,no
heldout,neorv32_cpu_control,neorv32_cpu_control,exe_engine.state,signals,assigned (whole-record target),none,edge,signal,register,,,,,24@276,CLOCKED_BY clk_i @24; COPIES exe_engine_nxt.state @24,0,yes
heldout,neorv32_cpu_control,neorv32_cpu_control,exe_engine.ir,signals,assigned (whole-record target),none,edge,signal,register,,,,,65@276,CLOCKED_BY clk_i @65; COPIES exe_engine_nxt.ir @65,0,yes
heldout,neorv32_cpu_control,neorv32_cpu_control,exe_engine.ci,signals,assigned (whole-record target),none,edge,signal,register,,,,,6@276,CLOCKED_BY clk_i @6; COPIES exe_engine_nxt.ci @6,0,yes
heldout,neorv32_cpu_control,neorv32_cpu_control,exe_engine.pc,signals,assigned (whole-record target),none,edge,signal,register,,,,,6@276,CLOCKED_BY clk_i @6; COPIES exe_engine_nxt.pc @6,0,yes
heldout,neorv32_cpu_control,neorv32_cpu_control,exe_engine.pc2,signals,assigned (whole-record target),none,edge,signal,register,,,,,10@276,CLOCKED_BY clk_i @10; COPIES exe_engine_nxt.pc2 @10,0,yes
heldout,neorv32_cpu_control,neorv32_cpu_control,exe_engine.ra,signals,assigned (whole-record target),none,edge,signal,register,,,,,4@276,CLOCKED_BY clk_i @4; COPIES exe_engine_nxt.ra @4,0,yes
heldout,neorv32_cpu_control,neorv32_cpu_control,exe_engine_nxt.state,signals,read (whole-record value),,,,,,,ORIGINATES FORWARDS,ORIGINATES CONSUMES FORWARDS,32@276,CARRIES exe_engine.state @32,0,yes
heldout,neorv32_cpu_control,neorv32_cpu_control,exe_engine_nxt.ir,signals,read (whole-record value),,,,,,,ORIGINATES FORWARDS,ORIGINATES CONSUMES FORWARDS,4@276,CARRIES exe_engine.ir @4,0,yes
heldout,neorv32_cpu_control,neorv32_cpu_control,exe_engine_nxt.ci,signals,read (whole-record value),,,,,,,ORIGINATES FORWARDS,ORIGINATES CONSUMES FORWARDS,4@276,CARRIES exe_engine.ci @4,0,yes
heldout,neorv32_cpu_control,neorv32_cpu_control,exe_engine_nxt.pc,signals,read (whole-record value),,,,,,,ORIGINATES FORWARDS,ORIGINATES CONSUMES FORWARDS,5@276,CARRIES exe_engine.pc @5,0,yes
heldout,neorv32_cpu_control,neorv32_cpu_control,exe_engine_nxt.pc2,signals,read (whole-record value),,,,,,,ORIGINATES FORWARDS,ORIGINATES CONSUMES FORWARDS,11@276,CARRIES exe_engine.pc2 @11,0,yes
heldout,neorv32_cpu_control,neorv32_cpu_control,exe_engine_nxt.ra,signals,read (whole-record value),,,,,,,ORIGINATES FORWARDS,ORIGINATES CONSUMES FORWARDS,4@276,CARRIES exe_engine.ra @4,0,yes
heldout,neorv32_cpu_control,neorv32_cpu_control,ctrl.if_fence,signals,assigned (whole-record target),not assigned,edge,signal,register,,,FORWARDS,ORIGINATES FORWARDS,3@267; 4@275,CLOCKED_BY clk_i @4; COPIES ctrl_nxt.if_fence @4; RESET_BY rstn_i @3,0,yes
heldout,neorv32_cpu_control,neorv32_cpu_control,ctrl.if_reset,signals,assigned (whole-record target),not assigned,edge,signal,register,,,,ORIGINATES,2@267; 3@275,CLOCKED_BY clk_i @3; COPIES ctrl_nxt.if_reset @3; RESET_BY rstn_i @2,0,yes
heldout,neorv32_cpu_control,neorv32_cpu_control,ctrl.if_ack,signals,assigned (whole-record target),not assigned,edge,signal,register,,,,ORIGINATES,2@267; 3@275,CLOCKED_BY clk_i @3; COPIES ctrl_nxt.if_ack @3; RESET_BY rstn_i @2,0,yes
heldout,neorv32_cpu_control,neorv32_cpu_control,ctrl.pc_cur,signals,assigned (whole-record target),not assigned,edge,signal,register,,,,ORIGINATES,2@267; 3@275,CLOCKED_BY clk_i @3; COPIES ctrl_nxt.pc_cur @3; RESET_BY rstn_i @2,0,yes
heldout,neorv32_cpu_control,neorv32_cpu_control,ctrl.pc_nxt,signals,assigned (whole-record target),not assigned,edge,signal,register,,,,ORIGINATES,2@267; 3@275,CLOCKED_BY clk_i @3; COPIES ctrl_nxt.pc_nxt @3; RESET_BY rstn_i @2,0,yes
heldout,neorv32_cpu_control,neorv32_cpu_control,ctrl.pc_ret,signals,assigned (whole-record target),not assigned,edge,signal,register,,,,ORIGINATES,2@267; 3@275,CLOCKED_BY clk_i @3; COPIES ctrl_nxt.pc_ret @3; RESET_BY rstn_i @2,0,yes
heldout,neorv32_cpu_control,neorv32_cpu_control,ctrl.rf_wb_en,signals,assigned (whole-record target),not assigned,edge,signal,register,,,CONSUMES,ORIGINATES CONSUMES,3@267; 4@275,CLOCKED_BY clk_i @4; COPIES ctrl_nxt.rf_wb_en @4; RESET_BY rstn_i @3,0,yes
heldout,neorv32_cpu_control,neorv32_cpu_control,ctrl.rf_rs1,signals,assigned (whole-record target),not assigned,edge,signal,register,,,,ORIGINATES,2@267; 3@275,CLOCKED_BY clk_i @3; COPIES ctrl_nxt.rf_rs1 @3; RESET_BY rstn_i @2,0,yes
heldout,neorv32_cpu_control,neorv32_cpu_control,ctrl.rf_rs2,signals,assigned (whole-record target),not assigned,edge,signal,register,,,,ORIGINATES,2@267; 3@275,CLOCKED_BY clk_i @3; COPIES ctrl_nxt.rf_rs2 @3; RESET_BY rstn_i @2,0,yes
heldout,neorv32_cpu_control,neorv32_cpu_control,ctrl.rf_rd,signals,assigned (whole-record target),not assigned,edge,signal,register,,,,ORIGINATES,2@267; 3@275,CLOCKED_BY clk_i @3; COPIES ctrl_nxt.rf_rd @3; RESET_BY rstn_i @2,0,yes
heldout,neorv32_cpu_control,neorv32_cpu_control,ctrl.rf_zero_we,signals,assigned (whole-record target),not assigned,edge,signal,register,,,FORWARDS,ORIGINATES FORWARDS,3@267; 4@275,CLOCKED_BY clk_i @4; COPIES ctrl_nxt.rf_zero_we @4; RESET_BY rstn_i @3,0,yes
heldout,neorv32_cpu_control,neorv32_cpu_control,ctrl.alu_op,signals,assigned (whole-record target),not assigned,edge,signal,register,,,FORWARDS,ORIGINATES FORWARDS,3@267; 4@275,CLOCKED_BY clk_i @4; COPIES ctrl_nxt.alu_op @4; RESET_BY rstn_i @3,0,yes
heldout,neorv32_cpu_control,neorv32_cpu_control,ctrl.alu_sub,signals,assigned (whole-record target),not assigned,edge,signal,register,,,FORWARDS,ORIGINATES FORWARDS,3@267; 4@275,CLOCKED_BY clk_i @4; COPIES ctrl_nxt.alu_sub @4; RESET_BY rstn_i @3,0,yes
heldout,neorv32_cpu_control,neorv32_cpu_control,ctrl.alu_opa_mux,signals,assigned (whole-record target),not assigned,edge,signal,register,,,FORWARDS,ORIGINATES FORWARDS,3@267; 4@275,CLOCKED_BY clk_i @4; COPIES ctrl_nxt.alu_opa_mux @4; RESET_BY rstn_i @3,0,yes
heldout,neorv32_cpu_control,neorv32_cpu_control,ctrl.alu_opb_mux,signals,assigned (whole-record target),not assigned,edge,signal,register,,,FORWARDS,ORIGINATES FORWARDS,3@267; 4@275,CLOCKED_BY clk_i @4; COPIES ctrl_nxt.alu_opb_mux @4; RESET_BY rstn_i @3,0,yes
heldout,neorv32_cpu_control,neorv32_cpu_control,ctrl.alu_unsigned,signals,assigned (whole-record target),not assigned,edge,signal,register,,,FORWARDS,ORIGINATES FORWARDS,3@267; 4@275,CLOCKED_BY clk_i @4; COPIES ctrl_nxt.alu_unsigned @4; RESET_BY rstn_i @3,0,yes
heldout,neorv32_cpu_control,neorv32_cpu_control,ctrl.alu_imm,signals,assigned (whole-record target),not assigned,edge,signal,register,,,,ORIGINATES,2@267; 3@275,CLOCKED_BY clk_i @3; COPIES ctrl_nxt.alu_imm @3; RESET_BY rstn_i @2,0,yes
heldout,neorv32_cpu_control,neorv32_cpu_control,ctrl.alu_cp_alu,signals,assigned (whole-record target),not assigned,edge,signal,register,,,FORWARDS,ORIGINATES FORWARDS,3@267; 4@275,CLOCKED_BY clk_i @4; COPIES ctrl_nxt.alu_cp_alu @4; RESET_BY rstn_i @3,0,yes
heldout,neorv32_cpu_control,neorv32_cpu_control,ctrl.alu_cp_cfu,signals,assigned (whole-record target),not assigned,edge,signal,register,,,FORWARDS,ORIGINATES FORWARDS,3@267; 4@275,CLOCKED_BY clk_i @4; COPIES ctrl_nxt.alu_cp_cfu @4; RESET_BY rstn_i @3,0,yes
heldout,neorv32_cpu_control,neorv32_cpu_control,ctrl.alu_cp_fpu,signals,assigned (whole-record target),not assigned,edge,signal,register,,,FORWARDS,ORIGINATES FORWARDS,3@267; 4@275,CLOCKED_BY clk_i @4; COPIES ctrl_nxt.alu_cp_fpu @4; RESET_BY rstn_i @3,0,yes
heldout,neorv32_cpu_control,neorv32_cpu_control,ctrl.lsu_req,signals,assigned (whole-record target),not assigned,edge,signal,register,,,CONSUMES FORWARDS,ORIGINATES CONSUMES FORWARDS,6@267; 7@275,CLOCKED_BY clk_i @7; COPIES ctrl_nxt.lsu_req @7; RESET_BY rstn_i @6,0,yes
heldout,neorv32_cpu_control,neorv32_cpu_control,ctrl.lsu_rw,signals,assigned (whole-record target),not assigned,edge,signal,register,,,CONSUMES FORWARDS,ORIGINATES CONSUMES FORWARDS,4@267; 5@275,CLOCKED_BY clk_i @5; COPIES ctrl_nxt.lsu_rw @5; RESET_BY rstn_i @4,0,yes
heldout,neorv32_cpu_control,neorv32_cpu_control,ctrl.lsu_amo,signals,assigned (whole-record target),not assigned,edge,signal,register,,,CONSUMES FORWARDS,ORIGINATES CONSUMES FORWARDS,4@267; 5@275,CLOCKED_BY clk_i @5; COPIES ctrl_nxt.lsu_amo @5; RESET_BY rstn_i @4,0,yes
heldout,neorv32_cpu_control,neorv32_cpu_control,ctrl.lsu_mo_we,signals,assigned (whole-record target),not assigned,edge,signal,register,,,,ORIGINATES,2@267; 3@275,CLOCKED_BY clk_i @3; COPIES ctrl_nxt.lsu_mo_we @3; RESET_BY rstn_i @2,0,yes
heldout,neorv32_cpu_control,neorv32_cpu_control,ctrl.lsu_fence,signals,assigned (whole-record target),not assigned,edge,signal,register,,,FORWARDS,ORIGINATES FORWARDS,3@267; 4@275,CLOCKED_BY clk_i @4; COPIES ctrl_nxt.lsu_fence @4; RESET_BY rstn_i @3,0,yes
heldout,neorv32_cpu_control,neorv32_cpu_control,ctrl.lsu_priv,signals,assigned (whole-record target),not assigned,edge,signal,register,,,,ORIGINATES,2@267; 3@275,CLOCKED_BY clk_i @3; COPIES ctrl_nxt.lsu_priv @3; RESET_BY rstn_i @2,0,yes
heldout,neorv32_cpu_control,neorv32_cpu_control,ctrl.csr_we,signals,assigned (whole-record target),not assigned,edge,signal,register,,,,ORIGINATES,2@267; 3@275,CLOCKED_BY clk_i @3; COPIES ctrl_nxt.csr_we @3; RESET_BY rstn_i @2,0,yes
heldout,neorv32_cpu_control,neorv32_cpu_control,ctrl.csr_re,signals,assigned (whole-record target),not assigned,edge,signal,register,,,,ORIGINATES,2@267; 3@275,CLOCKED_BY clk_i @3; COPIES ctrl_nxt.csr_re @3; RESET_BY rstn_i @2,0,yes
heldout,neorv32_cpu_control,neorv32_cpu_control,ctrl.csr_addr,signals,assigned (whole-record target),not assigned,edge,signal,register,,,,ORIGINATES,2@267; 3@275,CLOCKED_BY clk_i @3; COPIES ctrl_nxt.csr_addr @3; RESET_BY rstn_i @2,0,yes
heldout,neorv32_cpu_control,neorv32_cpu_control,ctrl.csr_wdata,signals,assigned (whole-record target),not assigned,edge,signal,register,,,,ORIGINATES,2@267; 3@275,CLOCKED_BY clk_i @3; COPIES ctrl_nxt.csr_wdata @3; RESET_BY rstn_i @2,0,yes
heldout,neorv32_cpu_control,neorv32_cpu_control,ctrl.cnt_halt,signals,assigned (whole-record target),not assigned,edge,signal,register,,,,ORIGINATES,2@267; 3@275,CLOCKED_BY clk_i @3; COPIES ctrl_nxt.cnt_halt @3; RESET_BY rstn_i @2,0,yes
heldout,neorv32_cpu_control,neorv32_cpu_control,ctrl.cnt_event,signals,assigned (whole-record target),not assigned,edge,signal,register,,,,ORIGINATES,2@267; 3@275,CLOCKED_BY clk_i @3; COPIES ctrl_nxt.cnt_event @3; RESET_BY rstn_i @2,0,yes
heldout,neorv32_cpu_control,neorv32_cpu_control,ctrl.ir_funct3,signals,assigned (whole-record target),not assigned,edge,signal,register,,,,ORIGINATES,2@267; 3@275,CLOCKED_BY clk_i @3; COPIES ctrl_nxt.ir_funct3 @3; RESET_BY rstn_i @2,0,yes
heldout,neorv32_cpu_control,neorv32_cpu_control,ctrl.ir_funct12,signals,assigned (whole-record target),not assigned,edge,signal,register,,,,ORIGINATES,2@267; 3@275,CLOCKED_BY clk_i @3; COPIES ctrl_nxt.ir_funct12 @3; RESET_BY rstn_i @2,0,yes
heldout,neorv32_cpu_control,neorv32_cpu_control,ctrl.ir_opcode,signals,assigned (whole-record target),not assigned,edge,signal,register,,,,ORIGINATES,2@267; 3@275,CLOCKED_BY clk_i @3; COPIES ctrl_nxt.ir_opcode @3; RESET_BY rstn_i @2,0,yes
heldout,neorv32_cpu_control,neorv32_cpu_control,ctrl.cpu_priv,signals,assigned (whole-record target),not assigned,edge,signal,register,,,,ORIGINATES,2@267; 3@275,CLOCKED_BY clk_i @3; COPIES ctrl_nxt.cpu_priv @3; RESET_BY rstn_i @2,0,yes
heldout,neorv32_cpu_control,neorv32_cpu_control,ctrl.cpu_sleep,signals,assigned (whole-record target),not assigned,edge,signal,register,,,,ORIGINATES,2@267; 3@275,CLOCKED_BY clk_i @3; COPIES ctrl_nxt.cpu_sleep @3; RESET_BY rstn_i @2,0,yes
heldout,neorv32_cpu_control,neorv32_cpu_control,ctrl.cpu_trap,signals,assigned (whole-record target),not assigned,edge,signal,register,,,,ORIGINATES,2@267; 3@275,CLOCKED_BY clk_i @3; COPIES ctrl_nxt.cpu_trap @3; RESET_BY rstn_i @2,0,yes
heldout,neorv32_cpu_control,neorv32_cpu_control,ctrl.cpu_debug,signals,assigned (whole-record target),not assigned,edge,signal,register,,,,ORIGINATES,2@267; 3@275,CLOCKED_BY clk_i @3; COPIES ctrl_nxt.cpu_debug @3; RESET_BY rstn_i @2,0,yes
heldout,neorv32_cpu_control,neorv32_cpu_control,ctrl_nxt.if_fence,signals,assigned (whole-record target),,,,,,,ORIGINATES FORWARDS,ORIGINATES CONSUMES FORWARDS,3@275; 4@312,CARRIES ctrl.if_fence @3,0,yes
heldout,neorv32_cpu_control,neorv32_cpu_control,ctrl_nxt.if_reset,signals,assigned (whole-record target),not assigned,none,,,,,FORWARDS,ORIGINATES CONSUMES FORWARDS,2@275; 3@312,CARRIES ctrl.if_reset @2,0,yes
heldout,neorv32_cpu_control,neorv32_cpu_control,ctrl_nxt.if_ack,signals,assigned (whole-record target),not assigned,none,,,,,FORWARDS,ORIGINATES CONSUMES FORWARDS,2@275; 3@312,CARRIES ctrl.if_ack @2,0,yes
heldout,neorv32_cpu_control,neorv32_cpu_control,ctrl_nxt.pc_cur,signals,assigned (whole-record target),not assigned,none,,,,,FORWARDS,ORIGINATES CONSUMES FORWARDS,2@275; 3@312,CARRIES ctrl.pc_cur @2,0,yes
heldout,neorv32_cpu_control,neorv32_cpu_control,ctrl_nxt.pc_nxt,signals,assigned (whole-record target),not assigned,none,,,,,FORWARDS,ORIGINATES CONSUMES FORWARDS,2@275; 3@312,CARRIES ctrl.pc_nxt @2,0,yes
heldout,neorv32_cpu_control,neorv32_cpu_control,ctrl_nxt.pc_ret,signals,assigned (whole-record target),not assigned,none,,,,,FORWARDS,ORIGINATES CONSUMES FORWARDS,2@275; 3@312,CARRIES ctrl.pc_ret @2,0,yes
heldout,neorv32_cpu_control,neorv32_cpu_control,ctrl_nxt.rf_wb_en,signals,assigned (whole-record target),,,,,,,ORIGINATES FORWARDS,ORIGINATES CONSUMES FORWARDS,9@275; 10@312,CARRIES ctrl.rf_wb_en @9,0,yes
heldout,neorv32_cpu_control,neorv32_cpu_control,ctrl_nxt.rf_rs1,signals,assigned (whole-record target),not assigned,none,,,,,FORWARDS,ORIGINATES CONSUMES FORWARDS,2@275; 3@312,CARRIES ctrl.rf_rs1 @2,0,yes
heldout,neorv32_cpu_control,neorv32_cpu_control,ctrl_nxt.rf_rs2,signals,assigned (whole-record target),not assigned,none,,,,,FORWARDS,ORIGINATES CONSUMES FORWARDS,2@275; 3@312,CARRIES ctrl.rf_rs2 @2,0,yes
heldout,neorv32_cpu_control,neorv32_cpu_control,ctrl_nxt.rf_rd,signals,assigned (whole-record target),not assigned,none,,,,,FORWARDS,ORIGINATES CONSUMES FORWARDS,2@275; 3@312,CARRIES ctrl.rf_rd @2,0,yes
heldout,neorv32_cpu_control,neorv32_cpu_control,ctrl_nxt.rf_zero_we,signals,assigned (whole-record target),,,,,,,ORIGINATES FORWARDS,ORIGINATES CONSUMES FORWARDS,3@275; 4@312,CARRIES ctrl.rf_zero_we @3,0,yes
heldout,neorv32_cpu_control,neorv32_cpu_control,ctrl_nxt.alu_op,signals,assigned (whole-record target),,,,,,,ORIGINATES FORWARDS,ORIGINATES CONSUMES FORWARDS,12@275; 13@312,CARRIES ctrl.alu_op @12,0,yes
heldout,neorv32_cpu_control,neorv32_cpu_control,ctrl_nxt.alu_sub,signals,assigned (whole-record target),,,,,,,ORIGINATES FORWARDS,ORIGINATES CONSUMES FORWARDS,3@275; 4@312,CARRIES ctrl.alu_sub @3,0,yes
heldout,neorv32_cpu_control,neorv32_cpu_control,ctrl_nxt.alu_opa_mux,signals,assigned (whole-record target),,,,,,,ORIGINATES FORWARDS,ORIGINATES CONSUMES FORWARDS,5@275; 6@312,CARRIES ctrl.alu_opa_mux @5,0,yes
heldout,neorv32_cpu_control,neorv32_cpu_control,ctrl_nxt.alu_opb_mux,signals,assigned (whole-record target),,,,,,,ORIGINATES FORWARDS,ORIGINATES CONSUMES FORWARDS,5@275; 6@312,CARRIES ctrl.alu_opb_mux @5,0,yes
heldout,neorv32_cpu_control,neorv32_cpu_control,ctrl_nxt.alu_unsigned,signals,assigned (whole-record target),,,,,,,ORIGINATES FORWARDS,ORIGINATES CONSUMES FORWARDS,4@275; 5@312,CARRIES ctrl.alu_unsigned @4,0,yes
heldout,neorv32_cpu_control,neorv32_cpu_control,ctrl_nxt.alu_imm,signals,assigned (whole-record target),not assigned,none,,,,,FORWARDS,ORIGINATES CONSUMES FORWARDS,2@275; 3@312,CARRIES ctrl.alu_imm @2,0,yes
heldout,neorv32_cpu_control,neorv32_cpu_control,ctrl_nxt.alu_cp_alu,signals,assigned (whole-record target),,,,,,,ORIGINATES FORWARDS,ORIGINATES CONSUMES FORWARDS,3@275; 4@312,CARRIES ctrl.alu_cp_alu @3,0,yes
heldout,neorv32_cpu_control,neorv32_cpu_control,ctrl_nxt.alu_cp_cfu,signals,assigned (whole-record target),,,,,,,ORIGINATES FORWARDS,ORIGINATES CONSUMES FORWARDS,3@275; 4@312,CARRIES ctrl.alu_cp_cfu @3,0,yes
heldout,neorv32_cpu_control,neorv32_cpu_control,ctrl_nxt.alu_cp_fpu,signals,assigned (whole-record target),,,,,,,ORIGINATES FORWARDS,ORIGINATES CONSUMES FORWARDS,3@275; 4@312,CARRIES ctrl.alu_cp_fpu @3,0,yes
heldout,neorv32_cpu_control,neorv32_cpu_control,ctrl_nxt.lsu_req,signals,assigned (whole-record target),,,,,,,ORIGINATES FORWARDS,ORIGINATES CONSUMES FORWARDS,3@275; 4@312,CARRIES ctrl.lsu_req @3,0,yes
heldout,neorv32_cpu_control,neorv32_cpu_control,ctrl_nxt.lsu_rw,signals,assigned (whole-record target),,,,,,,ORIGINATES FORWARDS,ORIGINATES CONSUMES FORWARDS,5@275; 6@312,CARRIES ctrl.lsu_rw @5,0,yes
heldout,neorv32_cpu_control,neorv32_cpu_control,ctrl_nxt.lsu_amo,signals,assigned (whole-record target),,,,,,,ORIGINATES FORWARDS,ORIGINATES CONSUMES FORWARDS,5@275; 6@312,CARRIES ctrl.lsu_amo @5,0,yes
heldout,neorv32_cpu_control,neorv32_cpu_control,ctrl_nxt.lsu_mo_we,signals,assigned (whole-record target),not assigned,none,,,,,FORWARDS,ORIGINATES CONSUMES FORWARDS,2@275; 3@312,CARRIES ctrl.lsu_mo_we @2,0,yes
heldout,neorv32_cpu_control,neorv32_cpu_control,ctrl_nxt.lsu_fence,signals,assigned (whole-record target),,,,,,,ORIGINATES FORWARDS,ORIGINATES CONSUMES FORWARDS,3@275; 4@312,CARRIES ctrl.lsu_fence @3,0,yes
heldout,neorv32_cpu_control,neorv32_cpu_control,ctrl_nxt.lsu_priv,signals,assigned (whole-record target),not assigned,none,,,,,FORWARDS,ORIGINATES CONSUMES FORWARDS,2@275; 3@312,CARRIES ctrl.lsu_priv @2,0,yes
heldout,neorv32_cpu_control,neorv32_cpu_control,ctrl_nxt.csr_we,signals,assigned (whole-record target),not assigned,none,,,,,FORWARDS,ORIGINATES CONSUMES FORWARDS,2@275; 3@312,CARRIES ctrl.csr_we @2,0,yes
heldout,neorv32_cpu_control,neorv32_cpu_control,ctrl_nxt.csr_re,signals,assigned (whole-record target),not assigned,none,,,,,FORWARDS,ORIGINATES CONSUMES FORWARDS,2@275; 3@312,CARRIES ctrl.csr_re @2,0,yes
heldout,neorv32_cpu_control,neorv32_cpu_control,ctrl_nxt.csr_addr,signals,assigned (whole-record target),not assigned,none,,,,,FORWARDS,ORIGINATES CONSUMES FORWARDS,2@275; 3@312,CARRIES ctrl.csr_addr @2,0,yes
heldout,neorv32_cpu_control,neorv32_cpu_control,ctrl_nxt.csr_wdata,signals,assigned (whole-record target),not assigned,none,,,,,FORWARDS,ORIGINATES CONSUMES FORWARDS,2@275; 3@312,CARRIES ctrl.csr_wdata @2,0,yes
heldout,neorv32_cpu_control,neorv32_cpu_control,ctrl_nxt.cnt_halt,signals,assigned (whole-record target),not assigned,none,,,,,FORWARDS,ORIGINATES CONSUMES FORWARDS,2@275; 3@312,CARRIES ctrl.cnt_halt @2,0,yes
heldout,neorv32_cpu_control,neorv32_cpu_control,ctrl_nxt.cnt_event,signals,assigned (whole-record target),not assigned,none,,,,,FORWARDS,ORIGINATES CONSUMES FORWARDS,2@275; 3@312,CARRIES ctrl.cnt_event @2,0,yes
heldout,neorv32_cpu_control,neorv32_cpu_control,ctrl_nxt.ir_funct3,signals,assigned (whole-record target),not assigned,none,,,,,FORWARDS,ORIGINATES CONSUMES FORWARDS,2@275; 3@312,CARRIES ctrl.ir_funct3 @2,0,yes
heldout,neorv32_cpu_control,neorv32_cpu_control,ctrl_nxt.ir_funct12,signals,assigned (whole-record target),not assigned,none,,,,,FORWARDS,ORIGINATES CONSUMES FORWARDS,2@275; 3@312,CARRIES ctrl.ir_funct12 @2,0,yes
heldout,neorv32_cpu_control,neorv32_cpu_control,ctrl_nxt.ir_opcode,signals,assigned (whole-record target),not assigned,none,,,,,FORWARDS,ORIGINATES CONSUMES FORWARDS,2@275; 3@312,CARRIES ctrl.ir_opcode @2,0,yes
heldout,neorv32_cpu_control,neorv32_cpu_control,ctrl_nxt.cpu_priv,signals,assigned (whole-record target),not assigned,none,,,,,FORWARDS,ORIGINATES CONSUMES FORWARDS,2@275; 3@312,CARRIES ctrl.cpu_priv @2,0,yes
heldout,neorv32_cpu_control,neorv32_cpu_control,ctrl_nxt.cpu_sleep,signals,assigned (whole-record target),not assigned,none,,,,,FORWARDS,ORIGINATES CONSUMES FORWARDS,2@275; 3@312,CARRIES ctrl.cpu_sleep @2,0,yes
heldout,neorv32_cpu_control,neorv32_cpu_control,ctrl_nxt.cpu_trap,signals,assigned (whole-record target),not assigned,none,,,,,FORWARDS,ORIGINATES CONSUMES FORWARDS,2@275; 3@312,CARRIES ctrl.cpu_trap @2,0,yes
heldout,neorv32_cpu_control,neorv32_cpu_control,ctrl_nxt.cpu_debug,signals,assigned (whole-record target),not assigned,none,,,,,FORWARDS,ORIGINATES CONSUMES FORWARDS,2@275; 3@312,CARRIES ctrl.cpu_debug @2,0,yes
heldout,neorv32_debug_dm,neorv32_debug_dm,rstn_i,ports,far end only (gains a driving record),,,,,,,,,,RESETS bus_rsp_o.ack @11; RESETS bus_rsp_o.data @11; RESETS bus_rsp_o.err @11,0,no
heldout,neorv32_debug_dm,neorv32_debug_dm,bus_rsp_o.ack,ports,assigned (whole-record target),,,,,,,,,3@653,RESET_BY rstn_i @3,0,no
heldout,neorv32_debug_dm,neorv32_debug_dm,bus_rsp_o.err,ports,assigned (whole-record target),,,,,,,,,3@653,RESET_BY rstn_i @3,0,no
heldout,neorv32_debug_dm,neorv32_debug_dm,bus_rsp_o.data,ports,assigned (whole-record target),,,,,,,,,8@653,RESET_BY rstn_i @8,0,no
heldout,neorv32_gpio,neorv32_gpio,rstn_i,ports,far end only (gains a driving record),,,,,,,,,,RESETS bus_rsp_o.ack @3; RESETS bus_rsp_o.data @3; RESETS bus_rsp_o.err @3,0,no
heldout,neorv32_gpio,neorv32_gpio,bus_rsp_o.ack,ports,assigned (whole-record target),,,,,,,,,3@58,RESET_BY rstn_i @3,0,no
heldout,neorv32_gpio,neorv32_gpio,bus_rsp_o.err,ports,assigned (whole-record target),,,,,,,,,3@58,RESET_BY rstn_i @3,0,no
heldout,neorv32_gpio,neorv32_gpio,bus_rsp_o.data,ports,assigned (whole-record target),,,,,,,,,9@58,RESET_BY rstn_i @9,0,no
heldout,neorv32_gptmr,neorv32_gptmr,rstn_i,ports,far end only (gains a driving record),,,,,,,,,,RESETS bus_rsp_o.ack @3; RESETS bus_rsp_o.data @3; RESETS bus_rsp_o.err @3,0,no
heldout,neorv32_gptmr,neorv32_gptmr,bus_rsp_o.ack,ports,assigned (whole-record target),,,,,,,,,3@62,RESET_BY rstn_i @3,0,no
heldout,neorv32_gptmr,neorv32_gptmr,bus_rsp_o.err,ports,assigned (whole-record target),,,,,,,,,3@62,RESET_BY rstn_i @3,0,no
heldout,neorv32_gptmr,neorv32_gptmr,bus_rsp_o.data,ports,assigned (whole-record target),,,,,,,,,10@62,RESET_BY rstn_i @10,0,no
heldout,neorv32_neoled,neorv32_neoled,rstn_i,ports,far end only (gains a driving record),,,,,,,,,,RESETS bus_rsp_o.ack @3; RESETS bus_rsp_o.data @3; RESETS bus_rsp_o.err @3,0,no
heldout,neorv32_neoled,neorv32_neoled,bus_rsp_o.ack,ports,assigned (whole-record target),,,,,,,,,3@120,RESET_BY rstn_i @3,0,no
heldout,neorv32_neoled,neorv32_neoled,bus_rsp_o.err,ports,assigned (whole-record target),,,,,,,,,3@120,RESET_BY rstn_i @3,0,no
heldout,neorv32_neoled,neorv32_neoled,bus_rsp_o.data,ports,assigned (whole-record target),,,,,,,,,16@120,RESET_BY rstn_i @16,0,no
heldout,neorv32_onewire,neorv32_onewire,rstn_i,ports,far end only (gains a driving record),,,,,,,,,,RESETS bus_rsp_o.ack @3; RESETS bus_rsp_o.data @3; RESETS bus_rsp_o.err @3,0,no
heldout,neorv32_onewire,neorv32_onewire,bus_rsp_o.ack,ports,assigned (whole-record target),,,,,,,,,3@129,RESET_BY rstn_i @3,0,no
heldout,neorv32_onewire,neorv32_onewire,bus_rsp_o.err,ports,assigned (whole-record target),,,,,,,,,3@129,RESET_BY rstn_i @3,0,no
heldout,neorv32_onewire,neorv32_onewire,bus_rsp_o.data,ports,assigned (whole-record target),,,,,,,,,13@129,RESET_BY rstn_i @13,0,no
heldout,neorv32_pwm,neorv32_pwm,rstn_i,ports,far end only (gains a driving record),,,,,,,,,,RESETS bus_rsp_o.ack @3; RESETS bus_rsp_o.data @3; RESETS bus_rsp_o.err @3,0,no
heldout,neorv32_pwm,neorv32_pwm,bus_rsp_o.ack,ports,assigned (whole-record target),,,,,,,,,4@67,RESET_BY rstn_i @4,0,no
heldout,neorv32_pwm,neorv32_pwm,bus_rsp_o.err,ports,assigned (whole-record target),,,,,,,,,3@67,RESET_BY rstn_i @3,0,no
heldout,neorv32_pwm,neorv32_pwm,bus_rsp_o.data,ports,assigned (whole-record target),,,,,,,,,4@67,RESET_BY rstn_i @4,0,no
heldout,neorv32_sdi,neorv32_sdi,rstn_i,ports,far end only (gains a driving record),,,,,,,,,,RESETS bus_rsp_o.ack @3; RESETS bus_rsp_o.data @3; RESETS bus_rsp_o.err @3,0,no
heldout,neorv32_sdi,neorv32_sdi,bus_rsp_o.ack,ports,assigned (whole-record target),,,,,,,,,3@116,RESET_BY rstn_i @3,0,no
heldout,neorv32_sdi,neorv32_sdi,bus_rsp_o.err,ports,assigned (whole-record target),,,,,,,,,3@116,RESET_BY rstn_i @3,0,no
heldout,neorv32_sdi,neorv32_sdi,bus_rsp_o.data,ports,assigned (whole-record target),,,,,,,,,18@116,RESET_BY rstn_i @18,0,no
heldout,neorv32_slink,neorv32_slink,rstn_i,ports,far end only (gains a driving record),,,,,,,,,,RESETS bus_rsp_o.ack @3; RESETS bus_rsp_o.data @3; RESETS bus_rsp_o.err @3,0,no
heldout,neorv32_slink,neorv32_slink,bus_rsp_o.ack,ports,assigned (whole-record target),,,,,,,,,3@122,RESET_BY rstn_i @3,0,no
heldout,neorv32_slink,neorv32_slink,bus_rsp_o.err,ports,assigned (whole-record target),,,,,,,,,3@122,RESET_BY rstn_i @3,0,no
heldout,neorv32_slink,neorv32_slink,bus_rsp_o.data,ports,assigned (whole-record target),,,,,,,,,22@122,RESET_BY rstn_i @22,0,no
heldout,neorv32_twd,neorv32_twd,rstn_i,ports,far end only (gains a driving record),,,,,,,,,,RESETS bus_rsp_o.ack @3; RESETS bus_rsp_o.data @3; RESETS bus_rsp_o.err @3,0,no
heldout,neorv32_twd,neorv32_twd,bus_rsp_o.ack,ports,assigned (whole-record target),,,,,,,,,3@137,RESET_BY rstn_i @3,0,no
heldout,neorv32_twd,neorv32_twd,bus_rsp_o.err,ports,assigned (whole-record target),,,,,,,,,3@137,RESET_BY rstn_i @3,0,no
heldout,neorv32_twd,neorv32_twd,bus_rsp_o.data,ports,assigned (whole-record target),,,,,,,,,21@137,RESET_BY rstn_i @21,0,no
